Base Data,data_set_1,data_set_2,data_set_3,data_set_4
0.000114375,-0.056066063,0.005591915,0.538119419,0.000764678
0.000402025,-0.047291755,0.004708433,0.547333152,0.001033467
0.002870327,-0.051018052,0.004566948,-0.038664159,0.003561094
0.003017957,-0.053454301,0.008577522,0.236532074,0.005330716
0.003112858,-0.052073778,0.004050702,0.268647119,0.005814263
0.003793672,-0.048594089,0.006158947,0.325970602,0.007345884
0.005239838,-0.042534728,0.013826611,0.486916702,0.008418415
0.007932876,-0.045946166,0.0106267,0.654656283,0.009922036
0.008939102,-0.045234624,0.00877369,0.189483041,0.010224549
0.009348578,-0.034518834,0.015250324,0.755631074,0.010756649
0.010364261,-0.040694178,0.013043581,0.121549729,0.011657272
0.010888734,-0.044293021,0.012714135,0.190145447,0.012170521
0.01255598,-0.038901399,0.019007765,0.059652308,0.01350915
0.012603767,-0.043624728,0.021390348,0.595172887,0.014675898
0.013136357,-0.03229212,0.009951707,0.224273422,0.014853561
0.013767513,-0.034237381,0.020109031,0.000186962,0.014892431
0.013951573,-0.041474804,0.02145582,0.3192274,0.015523387
0.014092294,-0.034301475,0.010426828,0.398825572,0.015564127
0.015018981,-0.03356708,0.018973695,0.615904251,0.021607736
0.015533276,-0.038642626,0.018532685,0.292695374,0.022523267
0.015821243,-0.035328793,0.022602771,-0.040457342,0.025806374
0.016575883,-0.034474198,0.020992414,0.823076846,0.02626779
0.016715589,-0.034970061,0.020236121,0.122765077,0.027534447
0.018288277,-0.033152245,0.025111779,0.204373265,0.028102955
0.018332643,-0.030380762,0.023060454,0.710354585,0.028649115
0.018576202,-0.036578924,0.024076237,0.697006355,0.029393988
0.018647289,-0.031752608,0.021518355,0.128208702,0.031488562
0.019366958,-0.024785285,0.024889003,0.23009168,0.033188564
0.0197751,-0.026158227,0.019145424,0.259262143,0.035037989
0.019880134,-0.029718077,0.023252148,0.691274327,0.036734853
0.021524805,-0.024260225,0.022697601,0.86277104,0.037675978
0.022330428,-0.023293406,0.024469796,0.60055702,0.037818867
0.022915131,-0.028613946,0.033249912,0.522470062,0.038308335
0.025753482,-0.02404948,0.035600039,0.675849768,0.038329145
0.026210987,-0.021822108,0.028185115,0.245080442,0.038597998
0.026218567,-0.027689746,0.029335607,0.473185981,0.040209174
0.026627885,-0.021984397,0.030179163,0.230656572,0.040676095
0.027287224,-0.027482808,0.032260413,0.315335709,0.042359717
0.027387593,-0.017247723,0.029300749,-0.132728961,0.042463168
0.027606012,-0.020783514,0.024575139,-0.088147057,0.042779712
0.027783349,-0.029755438,0.034064253,0.507556904,0.044255944
0.028306488,-0.025475946,0.031740953,-0.063143651,0.044423829
0.028490849,-0.027904468,0.0363891,0.645675834,0.044810678
0.03039969,-0.014649613,0.033849739,0.634599603,0.0451593
0.030949006,-0.017131032,0.033743483,0.584254024,0.045323419
0.031097075,-0.022609179,0.033314608,-0.057159928,0.046548931
0.032323067,-0.023627685,0.031554622,0.464258572,0.046565767
0.032426325,-0.015953769,0.030414205,0.658345985,0.048704642
0.03457122,-0.016828405,0.034955575,-0.081733515,0.050658112
0.037061048,-0.008130947,0.02983878,0.128461965,0.05225416
0.039054783,-0.007698239,0.045177664,0.527885145,0.052463351
0.039728707,-0.005128815,0.036721871,0.408120377,0.053364584
0.043534264,-0.005862669,0.046817097,0.669090144,0.053730944
0.044551879,-0.006979134,0.045577942,0.539073543,0.053918805
0.044845335,-0.008572747,0.054688126,0.458723154,0.054553968
0.047992564,0.002214896,0.050327279,0.482726479,0.055632865
0.049953459,-0.00365778,0.05534754,0.158485756,0.057309686
0.052994543,-0.000455095,0.058878627,-0.361629322,0.059307964
0.053362545,0.000725155,0.05827994,0.304050337,0.059724329
0.053909272,0.004570203,0.06032495,0.081609067,0.061000475
0.05614104,0.001906117,0.063167519,0.418657042,0.061191835
0.056929438,0.008907728,0.055585374,0.701788334,0.065438599
0.056964399,0.008044634,0.060101546,0.214030908,0.066599583
0.057654807,0.011622618,0.059839749,0.564658214,0.067114193
0.058362646,0.010709205,0.068501235,0.557648482,0.068890166
0.05991769,0.010505216,0.061687061,0.55604401,0.069874699
0.061036681,0.01391604,0.060721558,0.744389852,0.072340589
0.064739983,0.011880088,0.06341409,0.075982898,0.073153707
0.065371715,0.013748376,0.067185245,0.596803722,0.074303677
0.065961091,0.013361525,0.065977407,-0.101708036,0.074666673
0.066000173,0.011298314,0.067024287,0.145316743,0.076305243
0.066334834,0.022564979,0.0703445,0.653100174,0.077501184
0.066536481,0.014375036,0.061322667,0.47893094,0.077671254
0.066724998,0.022475877,0.069141181,0.37395387,0.078297676
0.067806934,0.018117672,0.067567829,0.198431402,0.078715211
0.068209348,0.016927149,0.073364124,-0.106901686,0.082666194
0.070022144,0.019478149,0.072364161,0.387908371,0.083447891
0.070333442,0.015974791,0.07818849,0.715819283,0.08420141
0.0709184,0.018403476,0.081639979,0.068226847,0.08470486
0.07197428,0.028521338,0.069745786,1.061016527,0.085148367
0.072012035,0.021194441,0.080712598,0.342824005,0.086854904
0.076023879,0.024675121,0.076211236,0.22145272,0.087230536
0.076188809,0.0183645,0.081875872,0.24747435,0.087493261
0.07771457,0.027136449,0.080547929,0.530939861,0.087833192
0.0783869,0.023555206,0.082139715,0.483136962,0.08804797
0.079626078,0.030297458,0.076471301,-0.101543156,0.088614649
0.080103644,0.029768351,0.082412942,0.546468208,0.089257686
0.080529527,0.029302028,0.081778948,0.409017254,0.091296024
0.081473965,0.030267383,0.087697385,-0.020919588,0.092048058
0.083202636,0.030481803,0.087277686,0.503093768,0.092305747
0.085044211,0.035339935,0.088127195,0.451333946,0.092322159
0.08748221,0.031522869,0.093697822,-0.283715273,0.093210429
0.092338595,0.038767352,0.100894053,0.586613808,0.093904936
0.093577096,0.041699452,0.101311728,-0.108624502,0.094761018
0.094100274,0.049571841,0.094276219,0.942737008,0.099562818
0.098346834,0.047092176,0.105969735,-0.009462124,0.099771795
0.098743402,0.04664195,0.103804848,0.413689967,0.104739112
0.101967259,0.050009186,0.104550446,0.17683358,0.105621264
0.102334429,0.044128808,0.105783598,0.863942769,0.107119257
0.103226007,0.05135529,0.111130995,0.338687186,0.110879795
0.103459556,0.057615075,0.106209937,0.489144874,0.11122493
0.106583877,0.054719921,0.104628823,0.547836805,0.111498291
0.107494129,0.057081299,0.111880382,0.875603244,0.114080537
0.107508876,0.055142785,0.106304354,0.245873843,0.115405278
0.108065329,0.058811956,0.104946515,0.851036018,0.116506819
0.109018764,0.063720014,0.112710432,0.306495412,0.117427968
0.109382914,0.055949757,0.115145719,0.666101633,0.117934429
0.110891301,0.064080264,0.116760841,0.519332715,0.120999685
0.110920369,0.055950835,0.112429814,0.316790975,0.122207196
0.113341923,0.066564615,0.114776133,0.509643694,0.122284071
0.113796356,0.064522387,0.121909402,0.379888869,0.124857033
0.114745973,0.064503023,0.121320546,0.600173134,0.125781647
0.11945705,0.07318001,0.123589757,0.342192308,0.126667389
0.120767184,0.072058635,0.123195238,0.162586746,0.128289017
0.121343456,0.068264879,0.122894904,0.383088569,0.130406258
0.124173315,0.072686887,0.126040056,0.409599099,0.130988491
0.124270962,0.074138971,0.123606196,-0.128908291,0.131196716
0.1247513,0.067647093,0.129171164,0.130621007,0.131726006
0.124822543,0.081704732,0.130322761,0.644246788,0.134152282
0.125641381,0.074340758,0.126194519,0.215706095,0.135168034
0.126210104,0.077694124,0.13364997,0.348774791,0.135491465
0.126329519,0.074022567,0.134650762,0.743595261,0.13551703
0.130028572,0.076381518,0.134701221,0.141244361,0.13808573
0.130335781,0.083875976,0.138031586,0.047726851,0.13954046
0.130996845,0.075958234,0.134354073,0.603400527,0.139849218
0.131840975,0.083396653,0.131272769,0.395645696,0.140058734
0.132161142,0.079921086,0.1327383,0.337509345,0.140890589
0.134338609,0.08412241,0.13777574,0.371026656,0.14200317
0.135079158,0.091503919,0.144613725,0.526555258,0.142955216
0.135427903,0.081155351,0.139537979,0.494286844,0.144501541
0.136455226,0.085223824,0.141197701,0.979515515,0.144786631
0.13713575,0.080068546,0.13770613,0.25962844,0.146313484
0.137474704,0.088401471,0.143806081,0.735014549,0.149447694
0.137662741,0.087982332,0.14080737,0.861608936,0.150415221
0.13835469,0.090926405,0.134911697,0.292953973,0.154538834
0.139276347,0.090198055,0.137184564,0.418053278,0.157126008
0.140386939,0.084008088,0.146771229,0.70861871,0.157572865
0.142221253,0.089742872,0.140205377,0.394133604,0.159585009
0.142518338,0.091334552,0.148056957,0.228816822,0.161620548
0.142793283,0.090177886,0.146534823,-0.014771442,0.1630544
0.143005828,0.093338388,0.143389473,0.608514899,0.163331015
0.143423049,0.092140862,0.149762783,0.644044009,0.1636734
0.143606998,0.08835236,0.148832319,0.072363287,0.163783869
0.1443154,0.092257332,0.146045793,0.487909576,0.163964594
0.14454554,0.090089816,0.148199299,0.772143306,0.164138558
0.144597721,0.092080402,0.145665826,0.475556774,0.167329507
0.14546561,0.089599001,0.150155664,0.444181362,0.16957344
0.145558231,0.098301697,0.151895939,0.460007236,0.169780009
0.146728575,0.091663559,0.150828464,0.058627633,0.172013074
0.146751481,0.099118841,0.151322845,0.31865874,0.174256712
0.146755891,0.204451532,0.151512354,0.385299471,0.17655547
0.146792373,0.19781941,0.152394296,0.417458168,0.180705053
0.149446799,0.204223964,0.15135724,0.456929391,0.183252219
0.149931485,0.212862506,0.15064157,0.496022504,0.183606404
0.150784398,0.205133608,0.157013641,0.514414915,0.185383261
0.151724871,0.200658707,0.152588094,0.351605579,0.188835525
0.152603987,0.20621841,0.159119671,0.68162594,0.189079985
0.152671644,0.211688163,0.155986613,0.579890957,0.18962109
0.156791395,0.208374043,0.160257156,0.629365914,0.192246457
0.15773007,0.211839379,0.161651367,0.749542428,0.192775115
0.15983365,0.217507759,0.161456629,0.087172259,0.194408988
0.16039518,0.210113293,0.164147512,0.614756166,0.195321131
0.160971437,0.204632582,0.158999618,0.629508871,0.195850357
0.16151077,0.215653224,0.163652853,0.597066178,0.195981229
0.165354197,0.217922749,0.173024979,-0.45389902,0.196617052
0.167983293,0.228037741,0.172605644,0.457471009,0.199909785
0.16983042,0.227788978,0.172525713,0.340026307,0.203021627
0.169940714,0.22209276,0.17221275,-0.421918374,0.203497255
0.172340508,0.224746828,0.175402865,0.495016639,0.204451332
0.17260462,0.224068262,0.174134125,0.293448044,0.204487442
0.173430171,0.227696184,0.173691228,1.184167819,0.204546265
0.173955667,0.225360701,0.175906718,0.429558089,0.204922124
0.17472015,0.228978044,0.181115782,0.594485189,0.204956991
0.174736313,0.228923088,0.174899653,0.262441557,0.205034176
0.174765876,0.233300611,0.181032266,0.362843823,0.20772539
0.176196256,0.227500213,0.183350076,0.481834407,0.208831952
0.176549034,0.231534686,0.178170197,0.144008072,0.208966526
0.177161164,0.239786742,0.184737525,0.734626615,0.210211779
0.179794298,0.237314898,0.181852879,0.510878046,0.21175782
0.180468509,0.238673419,0.183266331,0.387060493,0.211795612
0.181612851,0.231463314,0.186671995,0.337065223,0.213881602
0.183953442,0.237502211,0.186194651,0.58055912,0.214947728
0.184010202,0.238683032,0.184443328,0.534429629,0.215124487
0.184384442,0.235975341,0.183305145,0.518711329,0.21548268
0.185130398,0.245147639,0.18637853,0.152406368,0.21807137
0.186260211,0.244741292,0.18464865,0.621932731,0.219335858
0.187631673,0.24246398,0.195564396,0.299133471,0.219645111
0.18819426,0.236920876,0.189751697,0.808969411,0.220438195
0.188636801,0.243585835,0.196344324,0.295729014,0.220895118
0.188745067,0.239445846,0.189250031,0.452814981,0.221384478
0.189551703,0.235670521,0.187861203,0.300509717,0.223371223
0.189605948,0.242597644,0.188922195,0.392331914,0.223376161
0.191675739,0.240965956,0.187869624,0.180508346,0.224053325
0.192250017,0.248217578,0.19428904,-0.126612525,0.226227095
0.192962732,0.238649423,0.193656722,0.481976306,0.227378547
0.193434283,0.243932272,0.199995399,0.018715055,0.22744507
0.19446581,0.249144038,0.1959911,0.371627815,0.229315239
0.195037486,0.247524003,0.191432409,0.764976203,0.236517812
0.195429481,0.239363105,0.197083764,0.420179516,0.236690527
0.198101489,0.251657937,0.204878758,0.514222105,0.236698686
0.198569888,0.251404972,0.200393028,0.662896586,0.237903616
0.198947923,0.250229536,0.201154162,0.475093858,0.241390101
0.199495546,0.254620935,0.206874194,0.144967707,0.241393805
0.202602125,0.259315534,0.211046968,0.355204397,0.242338586
0.203293235,0.259968064,0.203971987,0.627704508,0.245860808
0.203906225,0.257492639,0.201912967,0.849241526,0.247377083
0.20445225,0.250225566,0.213156921,0.8891794,0.247523223
0.206454059,0.262281009,0.204413992,0.411687465,0.249223293
0.207625662,0.261359743,0.21487474,0.214435866,0.251521413
0.208194438,0.265809711,0.210202047,0.616100196,0.253409054
0.21017401,0.262592679,0.207914544,0.403071074,0.254238887
0.210732392,0.266708476,0.209727585,0.63231121,0.255933982
0.211628116,0.262873566,0.221879718,-0.331803798,0.257477738
0.211960165,0.264672303,0.211017152,0.515935756,0.2582498
0.213693238,0.274087862,0.221585385,0.115586596,0.262545266
0.214112137,0.268389224,0.217343571,0.36021619,0.262649432
0.216617208,0.266611489,0.22334309,0.434056413,0.262651239
0.216891488,0.277552745,0.223738488,0.991814954,0.263266488
0.220128674,0.277242841,0.229388392,0.435210439,0.263568088
0.220234226,0.277658413,0.222241025,0.826750217,0.266226381
0.220283988,0.273107589,0.223804133,0.562081852,0.266271187
0.221396701,0.274691473,0.217927455,0.341466088,0.26797339
0.221432734,0.28730833,0.225693403,0.01757005,0.267980936
0.221482056,0.280352308,0.223998881,-0.119209197,0.268561974
0.22204914,0.276638929,0.227151176,0.41085192,0.268944898
0.225039958,0.278916355,0.224451901,0.543036307,0.269690363
0.225709339,0.275928369,0.230914596,0.651111604,0.269802406
0.227297541,0.276518129,0.227151313,0.15222712,0.273662204
0.227309736,0.28295614,0.225763676,0.365706436,0.273708475
0.22790029,0.281947409,0.224355772,0.447400914,0.274562056
0.228205733,0.286812652,0.227357587,0.591685773,0.27466346
0.228813671,0.286935677,0.23370017,0.275562303,0.275074318
0.229205027,0.278289259,0.226126409,0.580140038,0.2764895
0.23170231,0.291575582,0.232974898,0.362612906,0.278248806
0.232974274,0.285330845,0.234321137,0.647253411,0.278322181
0.233666139,0.290182587,0.235950736,0.602259725,0.280066694
0.234362086,0.285429599,0.230672737,0.545758054,0.28030667
0.236868704,0.291762134,0.235357018,0.424707513,0.280552966
0.23702698,0.288375993,0.24114962,0.417748025,0.280879448
0.239315707,0.297744025,0.240943119,0.883117023,0.28516719
0.239847759,0.291072571,0.23885193,0.226532647,0.285405637
0.240355625,0.286433062,0.244606694,0.951208519,0.286965272
0.241418748,0.295994703,0.2442209,0.347431924,0.28871348
0.24551868,0.299227436,0.24685473,1.031202324,0.289287605
0.246211068,0.300304171,0.249324901,0.476719114,0.29147791
0.247396037,0.30006927,0.251276333,0.277761993,0.291663471
0.247732902,0.300992528,0.250936975,-0.071395036,0.292278008
0.248033558,0.300049565,0.250798725,0.487680545,0.292813727
0.24985068,0.301241684,0.252143164,-0.068324333,0.292880388
0.251639142,0.305300905,0.249953309,0.488950224,0.292941018
0.25203308,0.304392542,0.219204916,1.200187893,0.293341195
0.252325745,0.308856329,0.220564908,-0.029607419,0.29361712
0.252366702,0.303448125,0.226592896,0.382364295,0.293835306
0.253396034,0.30598094,0.223925453,0.322442284,0.296603066
0.253581749,0.310917707,0.219987057,0.394807053,0.29826182
0.255745194,0.310361022,0.228642024,0.224834031,0.298580781
0.257069299,0.315362418,0.223603458,0.199934914,0.300049064
0.257118294,0.30823989,0.224326208,0.341396551,0.300823637
0.259698393,0.311950343,0.228003004,0.379158351,0.303026822
0.260315099,0.312883164,0.229213769,0.483710605,0.303811054
0.261549552,0.317115396,0.239926743,0.79469167,0.305356039
0.261880404,0.317539096,0.235637245,0.302834081,0.306712194
0.262173084,0.316321658,0.231247092,0.005591207,0.308581645
0.26329677,0.313680426,0.233678377,0.161812054,0.313254351
0.264297483,0.319806534,0.232020739,0.261043645,0.314237845
0.264919558,0.313718578,0.238185106,0.6128055,0.321079266
0.265546659,0.316242415,0.233163537,0.36661692,0.322415836
0.266638702,0.318630076,0.239508246,0.607971252,0.324078406
0.26707202,0.316131261,0.233959841,0.628581985,0.324622865
0.268650124,0.320931982,0.242440479,0.423997724,0.326060447
0.268892022,0.317482965,0.240158828,0.112611345,0.326184718
0.269927892,0.323725709,0.243554506,0.563872369,0.329832083
0.270208262,0.327737502,0.239483642,0.521179019,0.330313025
0.273809704,0.331290089,0.241983071,0.563511987,0.331069979
0.274119775,0.325264846,0.24672957,0.208782399,0.331479947
0.278085049,0.333042807,0.248486842,0.48557173,0.33343916
0.27899089,0.32999543,0.253327579,0.319024527,0.333890096
0.279183679,0.331228288,0.253633648,0.712792434,0.334946957
0.280443992,0.335810927,0.253341996,0.389928387,0.335117846
0.283801835,0.336070436,0.254831472,0.747152515,0.338335496
0.284623881,0.339723701,0.254884762,0.696329807,0.33965894
0.285576282,0.344911531,0.254371562,0.947338811,0.341449295
0.285718852,0.339271818,0.254214632,0.316657681,0.343626384
0.28671165,0.340664335,0.259888336,0.304299733,0.34575445
0.287775339,0.339932149,0.258084661,0.881748087,0.347256973
0.289602746,0.349217889,0.260338277,0.443561058,0.347945281
0.290096852,0.349337672,0.263027092,0.332257491,0.349120751
0.290144463,0.346147851,0.259037851,-0.097030258,0.349290862
0.290297997,0.342631912,0.265560012,0.397469196,0.349303437
0.291153941,0.341346987,0.266723137,0.508546587,0.349668937
0.293614148,0.344677148,0.262524242,0.711334923,0.350884671
0.294215688,0.344701059,0.264650831,0.777803126,0.35321624
0.295288794,0.351006784,0.266937293,0.535766512,0.357578621
0.295482286,0.3464754,0.262859347,0.513533572,0.360766596
0.296947086,0.35561791,0.270031793,0.633431895,0.361465933
0.297331382,0.347957811,0.270358639,0.651359091,0.363834766
0.300081046,0.356847447,0.271458956,0.496810633,0.364258339
0.30024834,0.354015367,0.270268471,0.508888336,0.367999459
0.302096731,0.351228619,0.272466833,0.514996467,0.369972081
0.302332573,0.352976792,0.271379407,0.899567182,0.372532975
0.304517988,0.355207288,0.271674655,0.307327695,0.372943828
0.308641948,0.352180127,0.280788744,0.319791793,0.373405426
0.310587252,0.363049113,0.284492894,0.128485016,0.374956984
0.311444214,0.369539757,0.28494547,0.587396868,0.377486032
0.311702918,0.36920073,0.279737647,0.387836091,0.384630274
0.312269838,0.36748729,0.285502999,0.417426345,0.386493199
0.312501378,0.363034757,0.282926551,0.176466467,0.387114085
0.313424178,0.364540543,0.285632628,0.274452716,0.388089166
0.314376616,0.366279666,0.282333535,-0.466040933,0.388355515
0.314467011,0.368313364,0.284098115,0.706271139,0.390792081
0.314765687,0.369138254,0.286759004,0.408647842,0.392506913
0.315244803,0.366562077,0.287888381,0.80445692,0.394243259
0.315515631,0.363403627,0.285917111,0.598589292,0.395758398
0.317362409,0.371094518,0.292664209,0.420034051,0.396856435
0.317383946,0.374716135,0.287427678,0.894367446,0.397878118
0.319952838,0.375042228,0.288898843,0.448328272,0.399203754
0.320319326,0.369283579,0.292165624,0.222796316,0.400082241
0.321026314,0.375511298,0.292157303,0.437615628,0.400245598
0.321819963,0.375221085,0.292550573,0.733836296,0.400650047
0.322129514,0.378160267,0.293198872,0.459728478,0.401062434
0.322680997,0.372486064,0.292715466,0.514372773,0.405880538
0.32413853,0.37227538,0.295652366,0.141661415,0.406880717
0.32436246,0.378339879,0.293795524,0.937316597,0.407095526
0.325967207,0.376613266,0.298181347,0.494906687,0.407594389
0.325989812,0.383397316,0.296876604,0.203016524,0.408966934
0.326644902,0.376438022,0.293775109,0.549474962,0.410597253
0.32836139,0.38072145,0.300462517,0.44467424,0.413171805
0.330276937,0.383693473,0.305260823,0.558847838,0.41431039
0.332063574,0.381047034,0.304049403,0.098830691,0.417254566
0.338708025,0.392501137,0.308374323,0.16277804,0.42211169
0.339416724,0.391474185,0.311214703,0.503091232,0.422908377
0.340379291,0.398474488,0.310802015,0.284592071,0.423297028
0.341952836,0.38681168,0.309382286,0.411017548,0.424157548
0.342440641,0.398610718,0.309823242,0.331041201,0.425711002
0.34245412,0.390025815,0.313039494,0.651318208,0.426744038
0.342688908,0.404727344,0.314193332,0.732144678,0.433285902
0.34302811,0.395076852,0.312785766,0.087885896,0.434686786
0.34334624,0.395652049,0.312773967,0.163445853,0.434913477
0.344736653,0.396303943,0.314416982,0.032637896,0.435783716
0.345172051,0.401057948,0.313881571,0.153533414,0.436018671
0.345297462,0.396908292,0.316353056,0.725446727,0.436410703
0.345560727,0.396529576,0.316060995,0.874873035,0.43882965
0.345698821,0.402543019,0.315354319,0.467311,0.440082153
0.34776586,0.402515204,0.319151409,-0.054213063,0.44329146
0.348898342,0.406194733,0.321961226,1.012287734,0.444912016
0.348987597,0.403390934,0.31995828,0.101836616,0.451753082
0.349167413,0.405492681,0.319680774,0.477766119,0.453131535
0.350656502,0.406974194,0.321617244,0.331440449,0.454562596
0.35242963,0.405360602,0.325375712,0.451500407,0.455680058
0.353006086,0.407107161,0.319925565,0.128123566,0.462520806
0.353534863,0.402226624,0.325492653,0.254143729,0.463725689
0.354952851,0.413125832,0.3253554,0.550520289,0.463858047
0.355307912,0.412032982,0.32833071,0.520526954,0.464665227
0.355705171,0.40834817,0.32836845,0.321633066,0.466009642
0.357061609,0.408867686,0.32731538,0.309408531,0.466408184
0.35726976,0.412020361,0.328176407,1.148380182,0.467458282
0.357511167,0.403638142,0.320993613,0.10236834,0.476152364
0.36437807,0.421576937,0.334059924,0.179815051,0.477655926
0.366543097,0.423366142,0.338502724,0.704514205,0.478417319
0.366556644,0.418912276,0.334644446,0.132936271,0.478897587
0.369399926,0.424786927,0.341062029,0.901491879,0.481011833
0.370084198,0.419858559,0.339559938,0.807478789,0.481429687
0.370154178,0.416618372,0.33884315,0.502865741,0.483313343
0.371293761,0.419416446,0.343209069,0.805422729,0.489372781
0.371922122,0.431619401,0.341674134,0.642990475,0.492451144
0.374875944,0.429676976,0.344455808,1.028951125,0.493660484
0.375091018,0.425525444,0.344275661,0.513098916,0.494730358
0.375434833,0.433148424,0.349736753,0.618211116,0.495297641
0.376363217,0.430373909,0.349143367,0.229665389,0.495803542
0.376580315,0.432249747,0.349176964,0.702590962,0.496099788
0.377082599,0.429402508,0.341391608,0.365566177,0.496643933
0.377924179,0.427127172,0.347113011,0.57808643,0.49768874
0.378580593,0.437150309,0.350189813,0.516441365,0.498934842
0.380141173,0.437835932,0.349257098,0.064828029,0.499182004
0.381016124,0.435319188,0.349075621,0.411353842,0.500683905
0.381081491,0.43426647,0.352406432,0.628795287,0.502332233
0.382102752,0.4342874,0.357045486,0.642116139,0.503106284
0.382467457,0.439828001,0.356327949,0.790334102,0.50359892
0.386004011,0.44041282,0.359465236,0.696317306,0.504947418
0.387860644,0.441433741,0.357659501,0.53400121,0.508687151
0.390007714,0.446373971,0.365066464,0.201329456,0.510735501
0.39485048,0.448431334,0.367449818,0.785360672,0.517517312
0.394875613,0.451715534,0.367226258,0.249991747,0.521361646
0.395096869,0.449649941,0.364401168,0.572375054,0.52416417
0.396767474,0.445873845,0.371384642,0.618993283,0.527177356
0.397676837,0.450790784,0.366377957,0.645340151,0.533872788
0.397990639,0.446134331,0.36741844,0.752819636,0.534298717
0.39865906,0.452322995,0.3684146,0.335637274,0.538825194
0.399218605,0.456085266,0.367148319,0.551595933,0.539743782
0.400873732,0.459091352,0.366685523,0.360414153,0.540653324
0.401479583,0.460676818,0.372198641,0.464860391,0.542138834
0.401865924,0.453823082,0.371581766,0.21955487,0.544716058
0.40239252,0.456799244,0.374477762,0.590293195,0.545957586
0.402656852,0.459778192,0.372060873,0.08497235,0.547589693
0.403220472,0.460015132,0.375242323,0.091171292,0.54760361
0.404201906,0.458651473,0.376177985,0.03055683,0.554087164
0.406482869,0.45941829,0.379810397,0.563053839,0.554645879
0.406921994,0.459023093,0.378126702,0.659417336,0.55655783
0.408136803,0.463261205,0.382068131,0.375455748,0.558030969
0.408637225,0.463319505,0.381042921,0.523818784,0.559390146
0.409090832,0.420527892,0.377590878,0.266010737,0.560007395
0.41081135,0.417419351,0.384545216,0.794418986,0.560017081
0.413586415,0.424302298,0.38076813,0.1673119,0.560945436
0.414055988,0.427258391,0.378677951,0.816592059,0.56294695
0.41417927,0.421651546,0.382715669,0.315112199,0.566260103
0.415848718,0.424257074,0.391874596,0.607506674,0.568613187
0.416723962,0.426447177,0.383650188,0.270512354,0.56887825
0.417022005,0.426357988,0.388074354,0.588996216,0.570212943
0.417304802,0.43174387,0.388575216,-0.099051654,0.57031875
0.418136134,0.431436223,0.387133454,0.473552784,0.580388671
0.418578026,0.430039368,0.39100369,0.330563747,0.580438485
0.419194514,0.434706041,0.387999371,0.717594888,0.581377209
0.42019368,0.432307722,0.388801789,0.485463028,0.581617649
0.421107625,0.427665229,0.388841221,0.52534136,0.583577535
0.422752662,0.430233449,0.388195794,1.119772482,0.586573029
0.424649116,0.435753026,0.390572454,0.232686309,0.586636683
0.42556139,0.435012259,0.39473806,0.067034898,0.587613363
0.426348154,0.433741456,0.400154362,1.024138218,0.590000435
0.426474789,0.437457966,0.393754289,0.881818775,0.593316577
0.426639158,0.4402196,0.396365134,0.316805658,0.594024126
0.426701009,0.446841948,0.396602822,0.866914396,0.595543739
0.427737329,0.440272308,0.397299286,0.178007519,0.598527498
0.428037469,0.437528142,0.401621069,0.102975261,0.599007265
0.42809119,0.43829512,0.401771377,0.169376198,0.599843489
0.428618829,0.43770861,0.399143373,0.660324688,0.603996708
0.428768775,0.439860161,0.404907991,0.637616969,0.604824906
0.428932334,0.435537057,0.399483455,0.344368019,0.60524447
0.430247271,0.447759184,0.399930966,0.377412686,0.606404924
0.431181755,0.442465501,0.401435986,0.040850179,0.608150777
0.432938509,0.446018876,0.401069476,0.597540378,0.613506051
0.432981507,0.442663676,0.40166048,0.579629074,0.616106015
0.433592327,0.443987874,0.405297008,0.402705599,0.619007251
0.433676349,0.450871104,0.401844983,0.772693232,0.619115817
0.433883376,0.444692496,0.405655622,0.180410525,0.619157366
0.435305958,0.446903737,0.406230059,0.367809839,0.619523945
0.439830814,0.450337282,0.412450574,1.015396808,0.620190622
0.441904281,0.456306732,0.413228144,0.345929993,0.622795136
0.444117107,0.453758706,0.412526075,0.438261033,0.625278518
0.446117219,0.453537449,0.416852882,0.492952947,0.625738925
0.446146232,0.453368225,0.414645395,0.601030002,0.62785858
0.446635046,0.452570213,0.414278462,0.641303246,0.627938239
0.447689,0.466027569,0.417263342,-0.071244491,0.630097064
0.447893526,0.454696202,0.419291464,-0.106692492,0.630266382
0.448878837,0.458628865,0.420142428,0.220442989,0.631204942
0.449246754,0.461894789,0.421476077,0.395453862,0.63389579
0.449912133,0.457689575,0.417837031,0.187305022,0.635442441
0.450086747,0.462329531,0.422736142,0.1977447,0.635817725
0.450873936,0.462464746,0.420373852,0.535680715,0.640767187
0.451733149,0.459799348,0.422683242,0.422075226,0.646433682
0.451836249,0.465536525,0.426163296,0.535823948,0.648079981
0.452404827,0.462436673,0.42011265,0.539721954,0.649011557
0.4528535,0.467815486,0.428281914,0.266752781,0.649941819
0.456965701,0.465509117,0.425957048,0.443844791,0.653421916
0.456975327,0.469962722,0.428690347,0.277895417,0.657193882
0.457360182,0.473775622,0.430483153,0.912435917,0.658077228
0.457404916,0.46355125,0.426568681,0.019255731,0.661119489
0.458583814,0.470394273,0.430513075,0.593212752,0.662260664
0.459880266,0.470593485,0.428469439,0.309963897,0.666389858
0.462839119,0.474736064,0.432046008,0.700871762,0.666993674
0.463857784,0.471696986,0.431914739,-0.038483007,0.667857496
0.465001482,0.481203453,0.438304197,0.344507811,0.66856612
0.465709879,0.477576294,0.43935151,0.770225495,0.673727592
0.466880023,0.479545746,0.433726073,0.461155722,0.675324019
0.467245824,0.479024559,0.439016036,0.87125008,0.67552332
0.468628343,0.482499326,0.440109356,0.419382289,0.678108919
0.468665838,0.480791446,0.438449163,-0.053794471,0.678697287
0.46978904,0.481713891,0.442434148,0.393620133,0.679009339
0.470587879,0.475150673,0.43793287,0.853458751,0.680872143
0.474003927,0.483639992,0.44207136,0.561137063,0.68483462
0.47400629,0.484441172,0.441203125,0.14235454,0.685424976
0.476882334,0.487808506,0.445486818,0.884712802,0.691830251
0.477012994,0.489026014,0.449377166,0.145738696,0.697948701
0.477140987,0.488806893,0.444146666,0.380815378,0.698811962
0.477862004,0.491452472,0.443578298,1.154874598,0.699175706
0.478031308,0.491821306,0.448191909,0.732196315,0.699528881
0.478072507,0.491412426,0.449857559,0.106517764,0.704773276
0.484428446,0.496327118,0.455254805,0.568033723,0.70548524
0.485990667,0.496785055,0.455490881,0.816552554,0.707488373
0.486345111,0.500653357,0.456909833,0.308904386,0.710256745
0.487900939,0.499561145,0.454226669,0.412412862,0.711595107
0.487921492,0.493517967,0.459022274,0.902229129,0.717564937
0.489564961,0.505927885,0.460752868,0.486107487,0.718772209
0.490253523,0.505380702,0.464324324,0.677517479,0.724418456
0.49154515,0.500387378,0.462718802,0.691873878,0.7260805
0.491573159,0.49754536,0.460646856,0.849619175,0.729878722
0.492071801,0.502486973,0.463473283,0.647321848,0.730395527
0.493769714,0.509705184,0.46623036,0.514360102,0.731481129
0.494116266,0.500994539,0.466445016,0.699262933,0.734622797
0.494843084,0.509219617,0.46896474,0.403703738,0.740256674
0.497250093,0.510554939,0.466466217,0.437474185,0.741403627
0.497289186,0.509389919,0.465872231,0.305792621,0.742727447
0.498055625,0.509177755,0.463565449,0.72698991,0.745939685
0.499584171,0.50926826,0.465413433,0.65725372,0.748346781
0.499932371,0.507239884,0.466917991,0.661398781,0.749225498
0.50350951,0.515110186,0.472579518,0.331721804,0.749974726
0.50451917,0.516018262,0.476511011,0.210585667,0.750779252
0.504700608,0.512056192,0.47606046,0.506168503,0.754058391
0.505662166,0.515557824,0.476631623,0.636618804,0.757766367
0.505742017,0.512992701,0.477120603,0.563444406,0.759674983
0.507079923,0.518689714,0.479782915,0.845432093,0.762816873
0.5079217,0.49668169,0.539185192,0.394397972,0.762942705
0.508516241,0.49582016,0.53629581,0.079299149,0.765027912
0.509613294,0.496792492,0.541827701,0.674845632,0.765357148
0.511141478,0.50229538,0.54356055,-0.007690055,0.766537331
0.512292692,0.502585076,0.543540262,0.85644506,0.767876276
0.514175044,0.506992083,0.546122273,0.993160343,0.767889035
0.514889112,0.50890954,0.546609361,0.72739055,0.769527965
0.515857017,0.506567366,0.545849056,0.402410387,0.770043596
0.516688783,0.507731888,0.546388203,0.432467824,0.772163808
0.51670636,0.511289206,0.549005854,0.523777186,0.775831631
0.517267599,0.506379925,0.545497706,0.315784874,0.780447485
0.517860048,0.509542198,0.549067432,0.098458502,0.780822913
0.519011627,0.508995565,0.55380964,0.446492479,0.784796551
0.519015984,0.507099257,0.545030723,0.386889263,0.790659884
0.519082322,0.509171504,0.550277122,0.264380838,0.795155742
0.519351824,0.507625443,0.546296212,0.819165958,0.796406447
0.522051247,0.513751784,0.549825665,0.314840372,0.799796435
0.523896136,0.514221094,0.548579044,1.095097594,0.801694042
0.524670309,0.512251505,0.556704037,0.712820623,0.801777115
0.525669444,0.512479708,0.555802331,0.50453784,0.802950947
0.52580197,0.518391862,0.557295262,0.691308167,0.803086789
0.526425934,0.51728206,0.557488504,0.719560431,0.806167415
0.527058102,0.514201863,0.556673299,0.575940247,0.808599555
0.527618772,0.517804336,0.558281099,0.724011124,0.810187459
0.527714646,0.515063538,0.562503817,0.654664051,0.811705992
0.527846796,0.518642481,0.555281582,0.991297821,0.814791178
0.527903978,0.514849794,0.561600305,0.369204081,0.816050235
0.52853349,0.521460756,0.558113315,1.05726835,0.817976911
0.530697438,0.516544525,0.561673558,-0.020747379,0.823139142
0.533165285,0.526623809,0.562532547,-0.14369003,0.824375533
0.533653345,0.521388118,0.564818727,0.517766457,0.825048498
0.535896406,0.520047737,0.567467806,0.617422823,0.833684165
0.538440593,0.526658353,0.571467487,0.84668913,0.834093762
0.538627283,0.525646368,0.571971034,0.074889137,0.838613119
0.538816734,0.531282253,0.572715464,0.314273679,0.839682862
0.538831064,0.530714734,0.568684121,0.103866042,0.846318784
0.53964911,0.528526497,0.567073558,0.168920107,0.852853291
0.54026094,0.527842875,0.568857041,0.219646254,0.853047253
0.540951805,0.527836399,0.574186143,0.169555938,0.863162179
0.541559379,0.536237417,0.56587813,0.41042414,0.869846347
0.54316643,0.534203833,0.572009166,0.460208082,0.869969464
0.544010119,0.531068203,0.574696935,0.434424368,0.870446193
0.544121384,0.536751014,0.5731721,0.2033027,0.872345563
0.546070804,0.534793572,0.573232118,0.419553005,0.875643908
0.546346816,0.53330561,0.577755902,0.354137286,0.878386428
0.54756427,0.531954383,0.576879491,0.592496757,0.878733934
0.549547922,0.538812783,0.578595834,0.593085803,0.885325199
0.550948219,0.54360805,0.580799084,0.766466354,0.8864201
0.551087174,0.540346727,0.580062918,0.655549201,0.887623912
0.552767597,0.543016242,0.583291296,0.141341669,0.891168085
0.552821979,0.541800965,0.585120725,0.756323616,0.891410642
0.553884611,0.541972643,0.580628104,1.133140205,0.891479342
0.554667311,0.541578602,0.584656416,0.706889376,0.892868554
0.556240234,0.546599928,0.586774412,0.112944688,0.89293199
0.556406916,0.547300515,0.585039214,0.915117791,0.894987227
0.556653188,0.542159663,0.586946917,0.34316575,0.902118764
0.557911994,0.545377066,0.590393136,0.987055947,0.903490835
0.558516551,0.544169044,0.584246595,-0.194797408,0.904534559
0.558689828,0.551964784,0.588980599,0.543866642,0.905412856
0.558903811,0.5496708,0.587010862,0.168078313,0.906296802
0.559716982,0.551463517,0.592004165,0.775476688,0.908542142
0.560529991,0.55491087,0.585957501,0.780442854,0.912459812
0.561030219,0.554939114,0.588364238,0.428278862,0.913347295
0.56449832,0.555758838,0.592478239,0.360523615,0.913757166
0.565662113,0.556226985,0.594150065,0.486239471,0.915381167
0.568100462,0.559004818,0.597508746,0.39935476,0.915641804
0.568851437,0.559627753,0.596334401,0.567110029,0.917513868
0.568857991,0.553219801,0.59864177,0.797029245,0.919880692
0.569494413,0.557884598,0.600438368,0.195884601,0.921322969
0.570715852,0.560640769,0.602797742,0.839631737,0.921671751
0.571175739,0.556499963,0.598503298,0.726395584,0.921764822
0.571542093,0.559047788,0.603907429,0.678257271,0.923479856
0.572405112,0.559135018,0.606125621,0.606089972,0.926209109
0.572488517,0.562395277,0.595540451,1.01865668,0.927116226
0.573272272,0.556755638,0.604273909,0.599876987,0.928039611
0.573679487,0.556889853,0.602924277,1.032681945,0.9286844
0.574117605,0.566416643,0.602238899,0.674556677,0.929165205
0.574219089,0.562626111,0.60330946,0.619154254,0.929408634
0.574711505,0.563950081,0.60765549,0.316342905,0.929938459
0.576755935,0.5682077,0.604040004,0.631121109,0.931141362
0.577857215,0.572039311,0.606665671,0.754742877,0.93278692
0.578389614,0.569228231,0.604784754,0.76979011,0.935070711
0.57849958,0.56527884,0.602563663,0.398182654,0.940332241
0.57936054,0.567904866,0.60996712,0.396535094,0.9496209
0.579745219,0.569234821,0.608696186,0.214263954,0.950690424
0.581358927,0.566646225,0.616948605,0.33394699,0.950752854
0.581577407,0.570064011,0.608760139,0.607076211,0.951746946
0.58201418,0.566661123,0.614264206,0.036084738,0.95455279
0.585348459,0.574158459,0.615252215,0.399737886,0.955751859
0.585759271,0.573437484,0.616890921,0.57295401,0.956342937
0.586555041,0.574436225,0.612502454,0.690446683,0.960924702
0.586833341,0.57087359,0.615997182,0.920307754,0.962364316
0.589305537,0.576445073,0.617344199,0.601672569,0.963240498
0.592511869,0.580173208,0.62162563,0.616505595,0.963908533
0.593432449,0.586573075,0.624090837,0.5690384,0.965059937
0.593481408,0.585407024,0.620937349,0.047657105,0.965269951
0.594372624,0.586481578,0.620041427,0.130927996,0.965309855
0.595607934,0.585760333,0.626105447,0.062495987,0.965515898
0.597127303,0.586788755,0.627138959,0.120597318,0.96598574
0.599110308,0.585255268,0.630624716,0.263832619,0.966747513
0.599269756,0.541962214,0.629386033,0.878189637,0.973688221
0.600954248,0.550091304,0.63364061,0.871395282,0.976165864
0.604310483,0.554690939,0.633762957,0.463950073,0.980352818
0.604716101,0.550435436,0.632977877,0.339690685,0.981152154
0.605479001,0.551618364,0.63386571,0.524925339,0.981990936
0.606329462,0.553614872,0.63740581,0.554448748,0.985951728
0.607015461,0.553419251,0.634976901,0.158364072,0.988923878
0.607094162,0.553838621,0.635318832,0.412546605,0.989505711
0.608831174,0.554089707,0.638326665,0.475817236,0.993193258
0.610240813,0.549705643,0.637846895,0.877395163,0.993855113
0.612031177,0.553772967,0.6465336,0.65903104,0.998642288
0.613211212,0.561283301,0.638662017,1.18816224,0.999658619
0.613588695,0.562189439,0.639258542,0.423600817,1.000569141
0.61387109,0.557642369,0.643643948,0.711101632,1.0029638
0.616685067,0.558597761,0.647147713,0.826953373,1.005889324
0.616778357,0.562178101,0.646126741,-0.025825112,1.006540208
0.617144914,0.55938655,0.649055837,0.484577543,1.008874775
0.618513567,0.564267361,0.647757005,0.823130626,1.017093098
0.619586739,0.572841469,0.653384757,-0.082636875,1.019389241
0.619955718,0.569942742,0.645556783,0.469810628,1.021580609
0.62169572,0.567790034,0.6506767,0.506053266,1.023897168
0.621806232,0.562798548,0.647810258,0.342911797,1.03102259
0.621919368,0.572430033,0.653939382,0.502940111,1.031315918
0.622495902,0.567433022,0.652663084,0.512842885,1.0354732
0.623360116,0.577381238,0.653321159,0.618290329,1.035858356
0.623670411,0.56951808,0.651458816,0.601295638,1.040013065
0.623672207,0.567052945,0.652397081,0.788164527,1.042854982
0.624336702,0.573542078,0.653289793,0.656893874,1.048299878
0.626496159,0.576313125,0.655516204,0.328517959,1.048631562
0.626855602,0.57342847,0.655247135,0.978519382,1.049539745
0.628076198,0.573430602,0.657196537,0.598327107,1.050960293
0.628309038,0.574493002,0.657593267,0.611760706,1.052199968
0.629717507,0.577476694,0.661265846,0.546677003,1.05270516
0.6309592,0.574692647,0.662109845,0.028316735,1.060854759
0.631646627,0.58097566,0.662671804,0.972378017,1.064794473
0.632303317,0.581426393,0.656530199,0.615871804,1.066418421
0.632615817,0.577363487,0.66282338,0.934209189,1.067699688
0.633474013,0.580794646,0.663050141,0.498641346,1.070142416
0.633786761,0.576778746,0.668125638,0.612394238,1.070215592
0.636306126,0.585801961,0.663240115,0.784408139,1.071546127
0.6366044,0.581682422,0.665423705,0.556986274,1.074606863
0.638218711,0.584604751,0.666911037,0.295316345,1.075977381
0.639126849,0.583039568,0.670769507,0.303987674,1.080156826
0.639460881,0.586893289,0.664855483,0.484953675,1.080571082
0.641566209,0.588607381,0.673305981,0.306586438,1.084379165
0.643895644,0.593635607,0.675419565,0.673398972,1.097177589
0.64423202,0.591772053,0.672220876,0.740861675,1.099440261
0.644361085,0.594222401,0.667790381,0.676997596,1.099969575
0.64508564,0.591477711,0.676125111,0.70487531,1.103491137
0.647770633,0.595281782,0.670503264,0.48640379,1.107592288
0.648312756,0.590357409,0.681076364,0.908384808,1.10972389
0.649154197,0.598701171,0.676513448,0.766906464,1.115182041
0.651304332,0.595092971,0.679343336,0.704308156,1.115995807
0.651789276,0.597684735,0.680135662,0.476554627,1.116183718
0.654137347,0.60012593,0.682885401,0.32453741,1.122389266
0.656229332,0.599027291,0.68823517,0.203057821,1.134375141
0.659344936,0.608238794,0.690802359,0.501745355,1.134703161
0.662719812,0.608766154,0.690577358,0.594371315,1.143204457
0.663441498,0.610134243,0.691664986,0.219126651,1.143692571
0.663794645,0.610726859,0.692731982,0.538944919,1.144589227
0.664102555,0.605905518,0.688843228,0.582130276,1.145912278
0.668456168,0.617742031,0.693229262,0.032486597,1.147901412
0.66873277,0.616618646,0.697508367,0.651937339,1.148559755
0.668796606,0.613751296,0.692368857,0.607467083,1.149088127
0.669232893,0.616760006,0.69778958,0.652434282,1.151096826
0.67046751,0.614667931,0.702504248,0.625140763,1.152703338
0.670788791,0.613027501,0.706913058,0.214292383,1.152993362
0.671429171,0.611113003,0.697898672,0.35728788,1.155731988
0.671598381,0.617706017,0.701352165,0.697532638,1.157588386
0.671729785,0.620208836,0.698191835,0.475843514,1.159775441
0.672469845,0.619219535,0.701513822,0.906944352,1.162521086
0.673041054,0.614305129,0.702748777,0.161646165,1.167464931
0.673698424,0.621097604,0.701758225,0.683204581,1.167817838
0.673849008,0.619409517,0.703500691,0.54511494,1.170020429
0.674564024,0.627793326,0.703743142,0.485616598,1.17450249
0.674971605,0.617442367,0.701598499,0.436996072,1.177603239
0.677800891,0.62620474,0.7085745,-0.147411152,1.179002059
0.678835533,0.625090821,0.713315615,0.986721021,1.183697777
0.679068837,0.627108629,0.709389987,0.235908946,1.190221567
0.68245371,0.630966436,0.711164291,0.472326183,1.191616404
0.6834649,0.626937928,0.712737494,0.913131494,1.194512788
0.6852195,0.629585028,0.711519981,0.265127387,1.204938062
0.686500928,0.62955304,0.719696677,0.28563652,1.205751294
0.686808227,0.62429639,0.711849225,0.220121164,1.208584404
0.688413252,0.634081017,0.714560101,0.997650646,1.212418482
0.688497318,0.630099236,0.718357134,0.936104905,1.213793308
0.690227868,0.633519952,0.720583902,0.685701126,1.21739413
0.690896918,0.638879195,0.716383419,0.637401129,1.218455164
0.690942142,0.636425707,0.718983983,0.803058729,1.22392849
0.691877114,0.63858659,0.720045914,0.500326119,1.239097788
0.692322616,0.643713168,0.723706838,0.030601301,1.240427854
0.692360122,0.637317399,0.717682373,0.761778454,1.248844562
0.692677718,0.639698129,0.72199482,0.523510017,1.251511864
0.694400158,0.640105946,0.723368754,1.256294053,1.258171905
0.695764214,0.637163506,0.725250882,0.477546784,1.264412934
0.696800496,0.64409179,0.726820708,0.460652706,1.269185288
0.696818161,0.644375758,0.726396291,0.873326019,1.277631344
0.697308019,0.640093034,0.726687917,0.439258749,1.284075013
0.697368876,0.645129569,0.728750458,1.062551553,1.285042032
0.698057248,0.651168207,0.725784344,0.915513858,1.287661869
0.699307624,0.644177427,0.730430617,0.649917846,1.29068149
0.699623182,0.648255482,0.730092441,0.631225614,1.291590397
0.69975836,0.64562395,0.730006584,0.879256598,1.293323444
0.700726036,0.648008249,0.731427576,0.63219899,1.294476986
0.70187653,0.648218653,0.733257287,0.341185114,1.307105057
0.703516988,0.647310183,0.73583712,-0.032395431,1.309639136
0.703519331,0.652016765,0.735552151,0.702922593,1.318168155
0.706051804,0.652571916,0.737678166,0.692934379,1.326460693
0.706956245,0.658680065,0.733026853,0.407997157,1.33450283
0.707316603,0.651148186,0.737439017,0.406231942,1.339393586
0.70846087,0.649286638,0.738416131,0.687283252,1.344721752
0.709387251,0.654150441,0.74174133,0.214953294,1.345582309
0.711122459,0.65671464,0.742918685,0.752296761,1.353652163
0.711314518,0.656022637,0.739084547,0.831100201,1.354561324
0.711524759,0.660345372,0.740513563,0.380637151,1.356282961
0.71298898,0.661208786,0.74302282,0.607728034,1.361598612
0.715945699,0.664247237,0.746627743,0.356198568,1.363108918
0.716770814,0.660965092,0.743061706,0.578785543,1.373012841
0.716878664,0.661111882,0.748889628,0.614887707,1.380393088
0.716929002,0.6687987,0.746816371,0.396898131,1.387563905
0.720324493,0.663121147,0.746674199,0.09142606,1.388110196
0.722915194,0.66744883,0.754527641,1.218592497,1.39066312
0.725997985,0.67581253,0.751930223,0.724678499,1.392877599
0.726893753,0.670991977,0.757535849,0.535188647,1.393148682
0.728585668,0.677315437,0.750198129,0.951041241,1.398067048
0.728850878,0.673066737,0.755492091,0.477465676,1.398653039
0.729318919,0.67576545,0.756362014,0.204951801,1.419072371
0.730091211,0.673815555,0.757250785,0.458299334,1.426389106
0.731606471,0.676142688,0.765542271,0.901536099,1.427123657
0.731728601,0.680221443,0.760717348,0.542224672,1.430465526
0.731800409,0.670377724,0.756897291,0.432456203,1.434350218
0.733142525,0.681909693,0.762035733,1.15999559,1.438144002
0.733245068,0.677302783,0.758842045,0.550359456,1.443384289
0.735065963,0.682954906,0.766547924,0.56480863,1.447007203
0.740077543,0.681136967,0.767777323,0.835799247,1.448191673
0.743825854,0.690242919,0.772544519,0.443643772,1.448952866
0.744473153,0.694893021,0.77045229,0.858959928,1.453239467
0.745334431,0.689124295,0.776318032,0.71749983,1.45612634
0.745637193,0.694013452,0.77694049,0.381410008,1.458536152
0.746938496,0.694323086,0.77733994,0.705703916,1.460108742
0.747004829,0.692322431,0.782300858,0.427394305,1.460857913
0.747121643,0.691303176,0.777574873,0.489911066,1.470250864
0.74732081,0.694856488,0.775459784,0.820025409,1.473299181
0.748165654,0.699302265,0.775102985,0.233949418,1.474056673
0.748928375,0.691997999,0.776066268,0.738921917,1.477175685
0.749858311,0.696366285,0.777663422,0.361613629,1.482301433
0.750021764,0.696517202,0.780397247,0.278431233,1.486849773
0.750144315,0.699275083,0.776212355,0.279564891,1.500512622
0.750172413,0.691726606,0.780736553,0.636228699,1.506434177
0.750624319,0.696803484,0.782263141,0.434344918,1.51504787
0.750812103,0.691807455,0.748407331,0.764316891,1.515149071
0.750942434,0.697954974,0.751436909,0.234399023,1.515781478
0.75112104,0.702648129,0.752738456,0.538577612,1.518892805
0.751527817,0.692698055,0.751777098,0.766128029,1.547700722
0.752755554,0.702171278,0.755528761,0.479145065,1.551402764
0.753876188,0.705265522,0.752203776,0.838961251,1.55259072
0.754305951,0.700920354,0.750362337,0.834684389,1.563685661
0.754861481,0.69666258,0.75089652,0.478568773,1.569562969
0.754891457,0.702824239,0.750398838,0.508963616,1.592034569
0.755082188,0.701858294,0.760341432,0.512992647,1.592377215
0.755463053,0.699076842,0.748666194,0.271593084,1.602563139
0.75827826,0.706341499,0.761473128,0.455782246,1.604315257
0.758746931,0.703158983,0.758635553,1.063178708,1.607743536
0.759196049,0.70371229,0.761039177,0.540612934,1.610136578
0.766211381,0.720088552,0.761269712,0.507632454,1.612741654
0.766774587,0.705536726,0.761717413,0.457753366,1.613743946
0.767284508,0.711914836,0.764511077,0.666689039,1.614423097
0.767474869,0.712472702,0.766452134,0.396217269,1.625608933
0.767777192,0.713685854,0.766688283,0.494315699,1.633914259
0.770149956,0.713109869,0.771121677,0.741823772,1.639819454
0.770238735,0.71227784,0.762353001,0.650822486,1.64073852
0.770322525,0.717248276,0.76729397,0.4210064,1.643754089
0.770883911,0.719052431,0.770782847,-0.221956807,1.645634691
0.77217803,0.720235318,0.768698671,0.217820932,1.646959442
0.773799287,0.719661096,0.769040048,0.617110874,1.647722876
0.773874343,0.722920727,0.774960276,0.638406233,1.649108811
0.774410133,0.716037183,0.774587123,0.243821475,1.652404688
0.774477266,0.720852106,0.769583461,0.606508439,1.653992637
0.774896647,0.721863443,0.774009757,0.690115428,1.664047771
0.777098229,0.72175383,0.774942777,0.202110331,1.664534396
0.77746875,0.721320163,0.770839405,0.052941774,1.678219263
0.777848477,0.724486672,0.770735888,0.896348057,1.68534309
0.779744295,0.723784534,0.780989277,0.211851603,1.689980777
0.780529557,0.729705919,0.783080701,-0.106440005,1.695226751
0.782181817,0.727826761,0.780624204,0.976302283,1.696925572
0.782749415,0.732827451,0.780939334,0.652879618,1.711240236
0.784457419,0.731827823,0.779682509,0.601178546,1.715923874
0.785296028,0.734223835,0.783974726,0.761521924,1.718954266
0.78711629,0.729174577,0.781637681,0.77318046,1.721050701
0.78755184,0.731207838,0.779535577,0.854860568,1.722868348
0.787929234,0.730414722,0.785722759,0.962527739,1.725125877
0.789279328,0.735940072,0.785064039,0.366005901,1.729225063
0.79182104,0.739380739,0.786915524,0.475413519,1.731622725
0.792855678,0.743069066,0.794153087,0.844791348,1.742161417
0.794578351,0.739922113,0.791851597,0.295567822,1.750008511
0.795301167,0.741243524,0.799032437,1.089424699,1.753127805
0.795966942,0.73929393,0.792057749,0.921768075,1.755250134
0.796588678,0.741732841,0.796285997,0.150035788,1.762986304
0.796962252,0.743408379,0.794910499,0.495872235,1.76453067
0.797638804,0.742358934,0.795413442,0.339733549,1.772878008
0.798603591,0.740161237,0.792651558,0.709243794,1.789570729
0.798604245,0.749649715,0.796745731,0.60888771,1.812485067
0.799615262,0.751186003,0.801853006,0.723234232,1.813991472
0.799776537,0.74236553,0.796586307,0.752997452,1.831586398
0.800332246,0.743739821,0.800409006,0.966961047,1.841509682
0.800632673,0.752237518,0.801150264,0.241908054,1.843495975
0.800744569,0.745503811,0.79853142,0.357505421,1.847985816
0.802161084,0.742158232,0.802231966,0.711444768,1.853570283
0.80268952,0.748127561,0.79948917,0.846356347,1.854661737
0.802963237,0.750140447,0.802348884,0.150612093,1.85950222
0.803163342,0.752029563,0.806555704,-0.039198168,1.859567361
0.803960891,0.747756669,0.800025261,1.348180408,1.863116828
0.804754564,0.749586397,0.80079083,0.440720575,1.863508037
0.807105196,0.749234422,0.80889827,0.493962742,1.867675594
0.807360529,0.755190693,0.811218737,0.235349975,1.868305552
0.807391289,0.756058086,0.804285682,1.016655043,1.87115728
0.807698409,0.754816932,0.807475541,1.019684399,1.881421909
0.808278014,0.757238761,0.802992187,1.195973709,1.881906094
0.809490692,0.754112088,0.80540251,0.577089468,1.882041007
0.809988711,0.754440765,0.814597412,0.724156511,1.88248128
0.811858698,0.758495766,0.80993451,-0.016992071,1.892936088
0.812507304,0.761503277,0.816158207,0.864071692,1.895580571
0.812610588,0.753892184,0.807492839,0.718284,1.896266226
0.816351512,0.763285857,0.81890328,0.742555577,1.896656994
0.816835109,0.760551213,0.815450177,0.498709357,1.910176662
0.819089179,0.765517447,0.817016312,0.357411772,1.925779939
0.822730005,0.764356332,0.823795397,0.282812672,1.931309311
0.82400987,0.766433478,0.822199315,0.635401147,1.932334701
0.82423784,0.769592652,0.820826621,0.634591309,1.939048411
0.826406998,0.772162127,0.825195322,0.762821696,1.966102796
0.827115471,0.771988992,0.823263563,0.298257595,1.966589905
0.828135361,0.766768358,0.823730564,0.718498271,1.969380098
0.828845808,0.77370676,0.835021892,0.87332653,1.98498041
0.8289809,0.775944952,0.826567451,0.378424739,1.986599719
0.83039957,0.778148698,0.826928608,1.066211225,1.989428872
0.834486514,0.777574055,0.82351666,0.705352699,1.992111885
0.834625672,0.774837772,0.829163653,0.962369469,1.993844899
0.834854048,0.784796681,0.836624895,0.541388409,1.996160475
0.835271602,0.782840089,0.831894802,0.620985271,2.000158345
0.837977962,0.789071052,0.831214385,0.270331992,2.007575041
0.842030892,0.789704062,0.838899025,0.568789594,2.018454068
0.84289984,0.795828309,0.836717477,0.811351079,2.022133167
0.843840429,0.787173979,0.843783713,0.456248914,2.028658061
0.844329949,0.793980474,0.843916673,0.842829567,2.039534704
0.844526943,0.795405274,0.844868517,0.479077898,2.040037617
0.844709608,0.793154371,0.84446342,0.909551535,2.041008564
0.844734445,0.791797117,0.837390638,0.850945452,2.04349431
0.845851483,0.792331735,0.843658093,1.027461763,2.047521329
0.846828801,0.791887137,0.850081021,0.482997472,2.061100098
0.847939392,0.796514957,0.845752233,0.569691141,2.064104938
0.849969889,0.900221512,0.850909143,-0.02018983,2.064311605
0.851671875,0.902448971,0.84236833,0.389547672,2.066115797
0.854115444,0.904084698,0.853090689,0.462218709,2.077424536
0.854897943,0.906778614,0.852198654,0.967956839,2.082677671
0.855356413,0.906073796,0.850788495,1.072430826,2.102107841
0.855828367,0.905242445,0.854249866,1.035283227,2.108564432
0.856702497,0.912591491,0.853884017,0.170518922,2.109166803
0.857484499,0.907664538,0.852807157,0.112850443,2.112513656
0.857897105,0.909289788,0.85431747,0.568435438,2.1159688
0.858313836,0.899423585,0.856461232,0.478926258,2.117950742
0.859317806,0.910570306,0.857450719,0.526755255,2.124761952
0.859489321,0.91004258,0.858320198,0.74242671,2.135128669
0.859650954,0.909363767,0.859331645,0.072224485,2.152059618
0.860027949,0.903695831,0.858922593,0.680921775,2.160060833
0.860236997,0.904370504,0.864009162,0.157698733,2.162532052
0.861211638,0.913060502,0.86346988,0.35049183,2.189225104
0.861966558,0.914972346,0.852704519,0.346618325,2.194108368
0.862346253,0.91440724,0.863438971,0.568693965,2.202219309
0.863541855,0.911877973,0.862849099,0.338568161,2.205706521
0.86447943,0.9142065,0.859775957,0.472544747,2.211893128
0.866608274,0.918165712,0.867232679,0.412187861,2.212308345
0.870191746,0.924313733,0.868683564,0.812721037,2.228163656
0.872922376,0.920986976,0.868803025,0.623592273,2.248403948
0.874125936,0.924159639,0.871438702,0.638510553,2.253219096
0.874902551,0.92687631,0.870939306,0.361578053,2.25462202
0.874961645,0.920361746,0.875411384,0.444784636,2.259926092
0.875332726,0.925537546,0.873213729,0.768472477,2.260763041
0.876389152,0.925863466,0.870101649,1.011713977,2.263782656
0.877034389,0.923383549,0.865334867,0.574711518,2.266470707
0.877360475,0.928960963,0.871483078,1.099311625,2.272881345
0.878117436,0.930816285,0.878088247,1.068278161,2.277875723
0.878142503,0.930280187,0.880306128,0.599934318,2.281319983
0.878831984,0.926782877,0.874077801,0.512319669,2.294824778
0.879998289,0.925753642,0.870447447,0.218823757,2.305990931
0.883028509,0.937253203,0.87924082,0.41970467,2.310034925
0.883306091,0.935685382,0.876585526,0.887286887,2.310447065
0.885942099,0.938841683,0.880015896,0.32720454,2.332187281
0.885997971,0.937365784,0.883670442,0.279111605,2.332383716
0.888386434,0.943472545,0.884212074,0.653799631,2.344480433
0.889131089,0.943109258,0.880802388,0.91814137,2.356015047
0.891018954,0.937842166,0.890969776,0.632760014,2.367234511
0.892888709,0.94186461,0.895120033,1.046251727,2.376329111
0.894606664,0.947675622,0.888020834,0.877929255,2.379424478
0.895260366,0.942117619,0.887883428,0.858993965,2.394100484
0.895886218,0.943580597,0.890067429,0.761293111,2.394788459
0.895969967,0.947276335,0.891412182,0.105529745,2.416943066
0.896416602,0.954519526,0.891727219,0.527205166,2.419320881
0.898205046,0.946259187,0.8961561,0.238092361,2.427730871
0.901308436,0.949365731,0.898790752,0.972333198,2.450384939
0.901562585,0.956132332,0.899839482,0.746250963,2.451594224
0.903379521,0.956183276,0.899423717,0.762607686,2.475936482
0.903401915,0.952204955,0.894998829,0.520452149,2.49624688
0.903841956,0.959866279,0.901013084,0.853657163,2.501381446
0.904631003,0.957931847,0.90375266,0.380538051,2.516242583
0.90468616,0.954108119,0.901708954,0.125040874,2.526296373
0.905392319,0.9600613,0.902979492,0.772408399,2.557535373
0.905402034,0.9531331,0.896081363,1.150466461,2.559268555
0.905809496,0.949143972,0.907542278,0.169257993,2.586817304
0.907815853,0.954765348,0.902887479,0.910431056,2.600651586
0.908535151,0.965372909,0.903604168,0.746130392,2.615123103
0.908595503,0.958684562,0.905128372,0.765695806,2.62528579
0.909293205,0.960268106,0.905997193,0.606594422,2.632605288
0.909311989,0.95972891,0.907595118,0.646066293,2.644363851
0.909635525,0.958360199,0.909157737,0.899861922,2.65862629
0.910772831,0.962173225,0.90457402,0.634855859,2.667289606
0.91101924,0.959758992,0.901788308,0.697061895,2.668508273
0.914788687,0.967373805,0.90999163,0.521483138,2.671549064
0.91527432,0.965293888,0.916255631,0.506566827,2.680148329
0.91560635,0.959623428,0.906879387,0.804171239,2.699545092
0.916305553,0.961888092,0.908931111,0.456438724,2.705390184
0.916405853,0.966835261,0.912426263,0.590212343,2.706087202
0.917333563,0.963450679,0.914827364,0.558939263,2.724873307
0.918258589,0.967964967,0.906666916,1.058108655,2.735726412
0.918601778,0.964679406,0.911175419,0.702079522,2.737743259
0.918733436,0.972635538,0.916843251,0.49680542,2.739852279
0.920206514,0.969053667,0.911409938,0.501236338,2.744759829
0.921868305,0.974426466,0.917440448,0.558385874,2.745023482
0.923024536,0.975992976,0.921499041,0.580077338,2.765897316
0.923456215,0.971122705,0.920146888,1.015458567,2.781081373
0.924704182,0.975775564,0.918475956,0.978370398,2.792288264
0.92480797,0.97813417,0.919873694,-0.100452189,2.803771835
0.926181427,0.977766014,0.927314673,0.588755773,2.8273062
0.92750858,0.980159753,0.921777502,0.180941667,2.830442722
0.927848993,0.974669876,0.91933817,0.761893268,2.845352917
0.929437234,0.985074151,0.92621709,0.657822321,2.855950753
0.931861117,0.985594942,0.927894094,0.600382406,2.873680742
0.931972069,0.979287852,0.928906168,0.563777181,2.880488063
0.932595463,0.978469517,0.93679142,0.693304098,2.919790823
0.933902608,0.983961119,0.930386178,0.479194194,2.931381506
0.936868381,0.984345614,0.931956846,0.532234235,2.932349475
0.937252062,0.996119829,0.937939692,0.823301982,2.94458143
0.938481892,0.987341703,0.940934655,0.614361782,2.951984632
0.938886477,0.991059857,0.938706078,1.004263045,2.960548509
0.940107482,0.990663942,0.931848234,0.202524244,2.967587449
0.942762575,0.99124185,0.946392705,1.365834563,2.981128111
0.944594756,0.996251594,0.938067487,0.747110487,2.992664761
0.94530844,0.995315978,0.945402311,0.718752413,3.031892091
0.946152395,0.991310212,0.941424628,1.136224736,3.035204504
0.947548941,0.995770152,0.947747561,1.144437599,3.046473756
0.947970211,0.997482396,0.944418354,0.272596331,3.07211708
0.948299174,1.001366602,0.943256192,1.078323401,3.083482267
0.948836288,1.001826142,0.944571137,0.190430632,3.106937694
0.949016321,0.996204281,0.945032339,1.040735826,3.109796989
0.949489259,1.000501987,0.941585904,1.319115602,3.130441726
0.949805991,0.999788947,0.942687969,1.039460109,3.155781932
0.950176119,1.001549547,0.947659166,0.902782342,3.189378084
0.950753428,1.000824656,0.948618285,0.636885181,3.205727811
0.951135618,1.004287779,0.952585834,0.796620123,3.228854149
0.951193785,0.999417124,0.956204269,0.823044675,3.258983034
0.95788953,1.003082949,0.950670767,1.065769275,3.312282715
0.959434321,1.013827607,0.95949506,0.343832923,3.32190264
0.963262528,1.012795385,0.953402921,0.499447411,3.321954707
0.964840047,1.013972281,0.962025837,1.148066277,3.325240548
0.964988924,1.013788053,0.958417635,0.789940994,3.330487082
0.965933065,1.016361416,0.963771857,0.51960986,3.39957348
0.96727633,1.018292973,0.967487633,0.995429403,3.432540876
0.968261576,1.018031164,0.970616942,0.38805933,3.491275671
0.969595748,1.0240222,0.96943402,0.014032919,3.502252855
0.970019989,1.018692444,0.967094108,0.505070536,3.543336675
0.972787592,1.024233059,0.968952131,0.382450629,3.551571626
0.973783538,1.026383978,0.969752723,0.4887808,3.569145362
0.973802078,1.025478665,0.967316309,0.153745254,3.601614381
0.974403469,1.0288544,0.969714606,0.743404877,3.630135086
0.974740371,1.026139903,0.970098096,-0.192327694,3.631322529
0.975222342,1.020952886,0.977313019,0.374513933,3.65787036
0.975350034,1.025496055,0.972918507,0.780459587,3.739678747
0.975989068,1.025985559,0.970417673,0.676857118,3.768622558
0.97604355,1.026585186,0.980934572,0.481031982,3.811290885
0.976759149,1.027092097,0.972147457,0.281849298,3.847772267
0.979483354,1.024357224,0.972006442,0.271417152,3.891738845
0.980923676,1.02916728,0.974767444,0.550497813,3.928807334
0.982417449,1.034731776,0.979428099,0.539413718,3.947600255
0.982490945,1.03194087,0.978672966,0.614716919,3.967522885
0.982817114,1.030688314,0.97719207,0.831962424,3.985156532
0.98438345,1.042948957,0.983404023,0.914803527,4.044304808
0.985708824,1.035048545,0.984781756,0.748876864,4.050698423
0.98657278,1.03819302,0.98460524,0.616259871,4.143106992
0.987326175,1.034598738,0.979631391,0.289852232,4.229814858
0.988616154,1.03619428,0.981722547,0.747413693,4.286482478
0.988861089,1.039944451,0.977207555,0.659535897,4.318296813
0.989340056,1.03827348,0.985551507,0.374642582,4.576286737
0.989751708,1.044213328,0.985947918,0.170100676,4.593582912
0.989955178,1.041116937,0.988029426,0.56738909,4.646637898
0.990471784,1.040611196,0.987693807,0.863036258,4.701200203
0.991346509,1.036562296,0.99249875,0.858035644,4.821463741
0.993460463,1.046923113,0.984126658,0.193127015,4.920000618
0.993913025,1.042939266,0.995233695,0.651235465,5.985479584
0.995052322,1.037568451,0.98840049,0.91474484,6.15835926
0.996753425,1.045197352,0.990460465,1.183791738,6.446261879
0.99732285,1.050539044,0.990391261,0.130272273,6.516055878
