,index,Location,FIPS,Category,"Mortality Rate, 1980*","Mortality Rate, 1980* (Min)","Mortality Rate, 1980* (Max)","Mortality Rate, 1985*","Mortality Rate, 1985* (Min)","Mortality Rate, 1985* (Max)","Mortality Rate, 1990*","Mortality Rate, 1990* (Min)","Mortality Rate, 1990* (Max)","Mortality Rate, 1995*","Mortality Rate, 1995* (Min)","Mortality Rate, 1995* (Max)","Mortality Rate, 2000*","Mortality Rate, 2000* (Min)","Mortality Rate, 2000* (Max)","Mortality Rate, 2005*","Mortality Rate, 2005* (Min)","Mortality Rate, 2005* (Max)","Mortality Rate, 2010*","Mortality Rate, 2010* (Min)","Mortality Rate, 2010* (Max)","Mortality Rate, 2014*","Mortality Rate, 2014* (Min)","Mortality Rate, 2014* (Max)","% Change in Mortality Rate, 1980-2014","% Change in Mortality Rate, 1980-2014 (Min)","% Change in Mortality Rate, 1980-2014 (Max)"
0,19165,Alabama,1.0,Neurological disorders,74.97,65.48,85.46,78.36,68.25,88.98,82.93,72.12,93.63,92.25,80.59,103.46,103.69,91.23,115.06,113.62,101.05,125.26,116.86,104.17,128.18,119.14,106.07,131.45,58.92,52.5,65.72
1,19233,Alaska,2.0,Neurological disorders,112.5,96.33,129.42,108.55,93.8,124.05,103.8,90.48,116.97,105.51,92.25,119.07,103.71,91.8,115.67,102.52,90.36,114.0,101.89,90.82,111.83,101.06,89.56,111.87,-10.17,-19.05,-0.2
2,19263,Arizona,4.0,Neurological disorders,92.92,80.07,105.08,93.8,81.87,105.44,86.93,75.75,97.64,94.5,83.05,105.45,104.55,92.69,115.78,105.67,94.28,116.12,95.91,85.39,105.2,90.23,80.27,99.6,-2.89,-7.78,2.55
3,19279,Arkansas,5.0,Neurological disorders,54.96,47.32,62.4,58.47,50.33,66.41,64.59,55.89,73.07,71.56,62.32,80.64,81.4,71.37,90.89,89.62,79.31,99.21,96.8,85.84,106.83,100.74,89.38,111.17,83.31,75.17,92.04
4,19355,California,6.0,Neurological disorders,84.94,74.09,96.11,82.84,71.67,93.65,77.71,67.63,87.69,76.65,66.55,86.21,75.92,66.85,84.86,78.65,69.51,86.95,79.11,70.21,87.28,79.58,70.54,87.87,-6.31,-9.2,-3.38
5,19414,Colorado,8.0,Neurological disorders,114.11,99.74,128.07,107.66,93.93,120.94,102.88,89.87,115.69,111.62,98.49,125.21,114.45,101.9,126.44,108.24,96.4,119.26,105.43,93.57,115.78,101.28,90.21,111.46,-11.24,-15.06,-6.96
6,19479,Connecticut,9.0,Neurological disorders,79.75,68.66,91.07,78.91,68.23,90.23,78.4,68.15,89.05,77.84,67.55,87.85,80.22,70.04,89.92,84.48,74.84,93.82,84.53,74.94,93.1,94.0,83.22,103.98,17.87,11.28,24.82
7,19488,Delaware,10.0,Neurological disorders,75.16,63.61,87.69,77.63,65.91,90.91,80.05,68.78,91.24,78.02,67.25,88.78,82.48,71.78,92.93,88.07,77.83,97.65,96.02,84.42,106.28,88.25,77.78,98.13,17.41,7.33,29.32
8,19492,District of Columbia,11.0,Neurological disorders,78.3,66.27,92.18,71.62,60.41,84.15,78.28,66.47,89.75,71.07,60.48,82.39,70.02,60.39,79.94,70.84,62.21,79.92,68.45,59.78,76.66,69.55,61.1,78.11,-11.18,-20.48,-0.24
9,19494,Florida,12.0,Neurological disorders,73.18,63.43,82.5,73.38,63.76,82.82,71.04,61.93,80.25,76.97,67.11,86.39,81.44,71.67,90.56,83.67,74.17,92.45,83.06,73.62,91.52,79.52,70.55,87.96,8.65,5.12,12.69
10,19562,Georgia,13.0,Neurological disorders,87.39,75.8,98.69,91.35,79.92,103.18,93.42,81.39,104.8,99.01,86.69,110.87,106.85,94.79,118.59,110.51,98.18,122.09,111.4,99.19,122.62,114.04,101.78,125.43,30.49,25.46,35.52
11,19722,Hawaii,15.0,Neurological disorders,79.71,67.14,92.65,77.94,66.92,90.31,76.06,65.2,87.54,68.7,59.31,79.47,73.43,63.71,83.01,77.35,68.11,86.08,77.9,68.79,86.77,84.14,74.37,93.32,5.55,-4.13,16.22
12,19728,Idaho,16.0,Neurological disorders,106.34,93.27,119.59,103.81,90.89,116.54,100.78,88.12,112.95,102.84,90.04,114.7,107.0,94.82,118.77,110.0,97.71,121.07,108.51,96.61,119.15,106.75,95.05,117.64,0.38,-3.48,4.85
13,19773,Illinois,17.0,Neurological disorders,76.97,66.77,87.72,75.01,64.78,85.3,81.32,70.61,91.8,84.26,73.46,95.25,90.1,79.17,100.26,91.33,80.77,101.25,87.83,77.81,96.9,95.2,84.56,105.34,23.69,18.92,29.09
14,19876,Indiana,18.0,Neurological disorders,79.91,69.3,90.23,82.16,71.37,92.87,85.39,74.18,96.07,90.46,79.23,101.57,98.12,86.59,109.08,100.32,88.91,110.7,101.15,90.04,111.52,108.49,96.43,119.63,35.77,31.11,40.79
15,19969,Iowa,19.0,Neurological disorders,88.76,77.08,99.97,90.12,78.41,101.39,90.81,79.25,102.15,92.47,81.0,103.47,95.16,83.92,105.86,99.32,87.97,109.54,98.03,87.13,108.02,96.72,85.85,106.8,8.97,5.48,12.5
16,20069,Kansas,20.0,Neurological disorders,87.08,76.19,97.86,88.99,77.73,100.1,89.83,78.3,100.62,95.61,83.87,107.03,100.26,88.46,111.33,105.37,93.44,116.13,101.2,89.63,111.39,103.57,92.04,114.24,18.94,14.54,23.6
17,20175,Kentucky,21.0,Neurological disorders,78.04,67.77,88.13,80.32,70.1,90.76,85.78,74.51,96.3,92.42,80.92,103.61,99.56,87.63,110.78,101.33,89.68,111.89,107.24,95.28,118.01,110.67,98.14,121.88,41.81,36.3,47.56
18,20296,Louisiana,22.0,Neurological disorders,65.85,57.05,74.88,72.53,62.82,82.28,76.35,66.4,86.59,85.16,74.64,95.47,94.38,83.34,104.99,108.64,96.46,119.84,103.77,92.47,113.89,110.36,98.24,121.66,67.58,59.58,75.43
19,20361,Maine,23.0,Neurological disorders,121.6,106.31,136.67,123.56,108.14,138.34,118.37,103.9,132.88,119.95,105.62,133.68,122.61,108.64,135.44,117.99,104.94,129.71,113.82,101.71,125.16,115.77,103.32,126.67,-4.8,-8.59,-0.59
20,20378,Maryland,24.0,Neurological disorders,90.96,78.78,102.81,91.26,79.17,103.43,92.27,80.33,104.14,93.36,81.34,105.32,96.49,84.85,107.19,89.19,78.89,98.85,93.39,82.73,102.9,91.26,80.98,100.86,0.33,-4.47,5.07
21,20403,Massachusetts,25.0,Neurological disorders,102.71,89.49,116.37,102.37,89.34,115.39,96.77,84.41,108.62,97.08,85.08,108.77,106.24,93.89,117.56,100.2,88.82,110.58,103.38,91.84,113.57,107.98,96.13,118.85,5.13,0.74,9.72
22,20418,Michigan,26.0,Neurological disorders,66.72,57.7,75.6,69.87,60.53,79.04,73.51,64.06,82.73,77.95,68.45,87.62,86.22,76.03,96.06,89.07,79.13,98.42,92.68,82.61,102.14,95.88,85.3,105.85,43.7,38.51,49.54
23,20502,Minnesota,27.0,Neurological disorders,112.14,98.13,125.85,114.54,100.37,128.34,114.76,101.03,127.87,118.34,104.46,131.74,123.46,109.62,136.04,116.66,104.26,127.87,115.06,102.95,125.67,115.4,103.1,126.56,2.91,-0.58,6.51
24,20590,Mississippi,28.0,Neurological disorders,50.85,43.74,58.17,55.47,47.77,63.18,60.88,52.7,68.99,68.32,59.28,77.4,79.4,69.56,88.94,91.34,80.71,101.04,95.62,85.02,105.68,102.17,90.75,113.23,100.91,91.81,110.84
25,20673,Missouri,29.0,Neurological disorders,74.59,64.65,84.66,77.7,67.48,88.37,77.62,67.56,87.58,85.46,74.63,96.28,93.08,82.02,103.49,96.02,85.26,105.75,98.33,87.38,108.2,97.5,86.27,107.85,30.72,26.06,35.82
26,20789,Montana,30.0,Neurological disorders,122.04,106.89,136.4,116.46,102.18,129.77,112.74,99.53,125.85,111.58,98.57,123.95,110.07,97.22,122.04,109.85,97.53,120.71,106.02,94.48,116.81,101.22,89.62,111.68,-17.06,-20.37,-13.51
27,20846,Nebraska,31.0,Neurological disorders,84.08,73.06,94.98,86.03,74.66,97.02,87.9,77.01,98.85,92.84,81.37,103.97,96.56,85.21,107.5,100.8,89.46,111.11,101.01,89.74,111.29,105.46,93.8,116.33,25.42,20.04,30.96
28,20940,Nevada,32.0,Neurological disorders,85.73,73.51,98.4,82.07,70.28,93.79,80.85,69.17,92.46,80.2,69.42,90.94,84.04,73.16,94.34,94.54,83.6,104.54,85.79,75.99,95.08,81.78,71.87,91.08,-4.62,-10.19,1.48
29,20958,New Hampshire,33.0,Neurological disorders,114.16,98.49,128.49,113.7,99.09,127.81,112.06,97.86,126.19,111.59,97.28,125.0,106.89,94.3,118.75,107.92,96.12,118.7,101.91,90.42,112.4,106.36,94.36,117.2,-6.83,-11.3,-1.74
30,20969,New Jersey,34.0,Neurological disorders,66.16,56.63,75.13,64.88,55.78,73.96,65.46,56.61,74.18,67.85,59.01,76.84,71.58,62.69,80.08,75.36,66.28,83.54,74.35,65.63,82.2,78.28,69.29,86.72,18.33,13.56,23.71
31,20991,New Mexico,35.0,Neurological disorders,104.54,91.24,117.64,100.78,88.28,113.49,94.11,82.82,105.67,94.56,83.11,106.07,98.0,86.67,108.77,93.36,82.64,103.02,88.48,78.44,97.88,90.98,80.47,100.4,-12.97,-16.93,-8.85
32,21025,New York,36.0,Neurological disorders,49.97,43.28,56.85,49.62,42.9,56.38,48.05,41.63,54.55,49.13,42.62,55.6,51.65,45.27,57.68,52.48,46.36,58.15,56.47,49.8,62.58,62.15,54.98,68.93,24.35,20.01,28.88
33,21088,North Carolina,37.0,Neurological disorders,87.43,76.31,98.82,91.29,79.67,102.89,94.08,82.5,105.65,100.15,87.95,111.94,108.21,95.7,119.99,112.21,100.11,123.12,112.38,100.22,123.32,112.42,100.18,123.56,28.59,23.94,33.31
34,21189,North Dakota,38.0,Neurological disorders,85.18,74.05,96.31,86.43,75.13,97.9,86.83,75.79,97.17,90.56,79.47,101.66,95.09,83.7,105.32,96.42,85.6,106.15,95.86,85.5,105.24,96.95,86.0,107.11,13.83,8.29,19.54
35,21243,Ohio,39.0,Neurological disorders,88.56,76.89,99.82,89.4,78.05,100.93,92.1,80.45,103.61,95.19,83.63,106.86,101.52,89.37,113.2,105.8,93.99,116.77,106.36,94.57,116.97,109.56,97.59,120.99,23.7,19.35,28.35
36,21332,Oklahoma,40.0,Neurological disorders,65.5,56.6,74.57,69.06,59.76,78.3,72.92,63.51,82.14,79.31,69.46,89.21,91.2,80.11,101.48,99.12,87.77,109.36,101.47,89.96,111.71,103.15,91.6,114.18,57.47,51.12,64.46
37,21410,Oregon,41.0,Neurological disorders,124.86,109.4,139.69,120.35,105.84,135.25,119.98,105.8,133.98,122.2,108.0,136.11,121.85,108.06,134.95,118.32,105.39,130.17,116.6,104.05,127.6,115.32,102.69,126.72,-7.63,-10.85,-4.24
38,21447,Pennsylvania,42.0,Neurological disorders,70.26,60.79,79.81,71.59,61.46,81.1,73.92,64.07,83.57,77.07,67.18,86.84,85.37,74.95,95.19,91.85,81.36,101.62,91.68,81.13,101.16,94.43,83.65,104.3,34.4,29.34,39.55
39,21515,Rhode Island,44.0,Neurological disorders,78.97,67.13,91.25,83.79,71.76,95.9,84.81,73.29,96.55,86.16,74.54,97.75,94.0,82.11,104.88,98.61,87.14,108.84,98.89,87.42,108.57,111.66,99.29,122.99,41.39,31.21,52.94
40,21521,South Carolina,45.0,Neurological disorders,88.39,77.02,100.36,93.2,81.15,105.35,96.92,84.98,108.88,104.21,91.7,116.73,116.52,103.14,129.22,121.15,108.54,133.21,124.1,111.1,135.6,123.38,110.31,135.55,39.58,33.8,45.96
41,21568,South Dakota,46.0,Neurological disorders,80.29,69.47,91.22,81.34,70.48,92.51,81.44,70.85,91.99,84.18,73.13,94.71,88.17,77.41,98.12,87.14,77.24,96.15,87.13,77.11,96.24,85.74,75.53,94.71,6.79,1.67,12.09
42,21635,Tennessee,47.0,Neurological disorders,79.7,69.31,90.62,81.54,71.17,92.15,90.57,79.12,101.87,95.28,83.32,107.15,101.19,89.12,112.74,106.32,94.49,117.18,109.77,97.66,120.7,113.8,101.23,125.3,42.8,37.15,48.3
43,21731,Texas,48.0,Neurological disorders,75.6,65.2,85.28,79.07,68.62,89.05,84.17,73.32,95.12,89.95,78.57,100.71,99.64,87.8,110.62,101.32,90.17,111.68,100.51,89.29,110.49,103.75,92.36,114.28,37.24,32.4,42.18
44,21986,Utah,49.0,Neurological disorders,123.86,108.34,138.74,126.38,111.46,141.63,113.0,99.55,126.25,115.67,101.63,129.36,121.1,107.52,134.21,118.8,105.97,130.54,106.69,95.15,117.22,110.45,98.67,121.37,-10.82,-14.7,-6.52
45,22016,Vermont,50.0,Neurological disorders,121.29,106.44,135.7,116.69,102.03,130.87,115.66,101.29,129.25,112.22,98.6,125.05,112.32,98.83,124.37,107.71,95.74,118.86,107.03,95.01,117.79,101.94,90.06,112.4,-15.96,-20.12,-11.65
46,22031,Virginia,51.0,Neurological disorders,91.89,79.81,103.82,93.14,81.43,105.18,94.12,82.13,105.79,96.79,84.83,108.73,99.49,87.71,110.76,98.51,87.2,108.42,98.94,87.79,108.69,100.66,89.63,110.87,9.55,5.92,13.14
47,22165,Washington,53.0,Neurological disorders,126.14,110.95,141.14,125.92,110.87,140.53,123.16,108.27,136.96,115.41,101.48,128.62,111.73,99.02,123.89,110.79,98.66,121.94,106.47,94.83,117.15,105.8,94.26,116.71,-16.13,-18.83,-13.2
48,22205,West Virginia,54.0,Neurological disorders,64.03,55.13,72.92,68.09,58.69,77.26,72.24,62.53,81.92,79.04,68.81,89.09,89.77,78.88,100.02,92.91,82.13,102.96,98.45,87.35,108.43,103.04,91.18,113.79,60.92,53.83,68.96
49,22261,Wisconsin,55.0,Neurological disorders,98.87,85.97,111.19,97.89,85.56,110.1,101.81,89.19,114.38,102.7,89.99,114.86,106.79,94.56,118.49,110.76,98.44,121.75,108.49,96.54,118.99,108.73,96.84,119.71,9.97,6.44,13.92
50,22334,Wyoming,56.0,Neurological disorders,112.72,98.34,126.95,108.03,94.59,121.57,102.25,89.65,114.93,102.34,90.2,114.34,99.49,87.26,110.4,93.91,82.79,104.07,89.11,78.75,98.33,87.83,77.62,97.68,-22.08,-25.82,-17.89
51,25553,Alabama,1.0,Mental and substance use disorders,3.85,3.53,4.23,4.06,3.78,4.44,4.55,4.29,4.85,5.22,4.91,5.52,6.72,6.39,7.09,9.77,9.33,10.21,12.34,11.76,12.89,14.33,13.53,15.03,272.34,229.73,311.29
52,25621,Alaska,2.0,Mental and substance use disorders,12.45,11.02,14.16,10.96,9.79,12.37,12.04,10.84,13.42,12.74,11.61,14.05,16.04,14.76,17.52,20.08,18.65,21.58,20.92,19.41,22.55,21.98,20.38,23.71,76.49,50.92,102.5
53,25651,Arizona,4.0,Mental and substance use disorders,6.8,6.16,7.51,6.98,6.48,7.57,7.87,7.32,8.45,9.56,9.03,10.12,11.83,11.28,12.44,14.66,14.05,15.28,17.72,17.07,18.44,17.17,16.34,17.9,152.36,122.26,180.55
54,25667,Arkansas,5.0,Mental and substance use disorders,2.36,2.14,2.61,2.46,2.28,2.7,3.0,2.81,3.23,3.71,3.49,3.97,4.92,4.66,5.2,7.82,7.45,8.21,10.15,9.66,10.71,10.99,10.34,11.62,366.61,312.1,422.14
55,25743,California,6.0,Mental and substance use disorders,6.48,6.12,6.91,7.64,7.32,8.09,7.51,7.24,7.85,8.32,8.04,8.63,8.78,8.48,9.08,11.39,11.05,11.76,11.72,11.3,12.12,11.35,10.73,11.82,75.26,58.86,87.5
56,25802,Colorado,8.0,Mental and substance use disorders,4.97,4.47,5.62,4.49,4.08,4.92,5.41,5.0,5.86,8.55,8.07,9.11,9.74,9.27,10.23,13.12,12.56,13.65,14.82,14.18,15.41,14.86,14.08,15.54,198.91,159.7,234.79
57,25867,Connecticut,9.0,Mental and substance use disorders,4.53,4.12,5.05,3.71,3.38,4.09,3.96,3.65,4.34,6.73,6.28,7.19,8.42,7.95,8.92,10.09,9.58,10.62,11.25,10.7,11.8,14.2,13.45,14.93,213.47,172.3,251.37
58,25876,Delaware,10.0,Mental and substance use disorders,5.68,4.81,6.69,4.42,3.79,5.22,4.95,4.3,5.73,6.02,5.36,6.81,7.84,7.1,8.64,11.36,10.45,12.42,15.56,14.5,16.66,16.09,14.97,17.29,183.44,137.87,240.71
59,25880,District of Columbia,11.0,Mental and substance use disorders,12.64,10.77,14.76,14.7,12.92,16.92,9.83,8.44,11.38,10.87,9.47,12.57,25.41,23.17,27.81,19.97,18.13,22.13,21.25,19.27,23.36,18.59,16.75,20.57,47.02,21.6,76.78
60,25882,Florida,12.0,Mental and substance use disorders,5.47,5.12,5.86,4.92,4.67,5.24,5.54,5.3,5.84,5.88,5.63,6.16,8.62,8.3,8.95,13.31,12.87,13.74,15.39,14.83,15.91,13.88,13.19,14.48,153.81,130.99,174.22
61,25950,Georgia,13.0,Mental and substance use disorders,7.33,6.81,7.9,6.93,6.56,7.42,7.06,6.71,7.46,6.94,6.62,7.27,8.08,7.75,8.42,10.52,10.15,10.93,12.44,11.97,12.9,12.63,11.96,13.19,72.33,55.82,87.39
62,26110,Hawaii,15.0,Mental and substance use disorders,1.81,1.43,2.32,2.1,1.69,2.66,2.34,1.89,2.86,3.78,3.19,4.46,4.25,3.65,4.98,8.0,7.12,8.93,9.61,8.66,10.64,9.87,8.77,10.96,446.69,312.63,613.3
63,26116,Idaho,16.0,Mental and substance use disorders,3.69,3.34,4.1,3.7,3.39,4.05,4.25,3.97,4.62,4.86,4.54,5.21,6.08,5.71,6.5,8.51,8.03,9.0,10.55,9.94,11.16,11.17,10.4,11.88,202.44,162.63,239.66
64,26161,Illinois,17.0,Mental and substance use disorders,3.72,3.43,4.07,3.84,3.62,4.14,6.49,6.18,6.86,6.07,5.78,6.38,7.73,7.39,8.07,9.14,8.82,9.5,10.77,10.33,11.21,11.6,10.92,12.11,211.94,179.07,241.36
65,26264,Indiana,18.0,Mental and substance use disorders,2.33,2.13,2.55,2.65,2.46,2.89,3.34,3.13,3.57,4.22,4.01,4.48,6.3,6.01,6.63,8.85,8.48,9.24,12.5,11.98,12.99,15.01,14.21,15.68,544.11,472.91,609.37
66,26357,Iowa,19.0,Mental and substance use disorders,2.11,1.93,2.34,2.16,2.02,2.35,2.64,2.48,2.86,3.19,3.0,3.4,4.05,3.82,4.28,6.2,5.88,6.51,8.0,7.56,8.41,8.66,8.12,9.18,310.17,258.67,358.63
67,26457,Kansas,20.0,Mental and substance use disorders,2.73,2.48,3.01,2.86,2.63,3.13,3.46,3.21,3.72,4.11,3.86,4.39,5.81,5.47,6.16,9.21,8.77,9.69,10.46,9.93,11.02,11.49,10.8,12.13,321.21,267.84,371.74
68,26563,Kentucky,21.0,Mental and substance use disorders,3.2,2.94,3.55,3.57,3.34,3.87,4.41,4.15,4.74,5.72,5.42,6.06,8.48,8.1,8.84,13.92,13.4,14.49,18.99,18.27,19.7,21.9,20.84,22.83,584.31,502.94,656.92
69,26684,Louisiana,22.0,Mental and substance use disorders,3.24,2.96,3.59,3.5,3.26,3.81,4.1,3.85,4.4,4.85,4.58,5.14,7.57,7.21,7.95,12.0,11.51,12.51,13.28,12.69,13.8,15.44,14.6,16.16,377.19,317.64,427.34
70,26749,Maine,23.0,Mental and substance use disorders,3.83,3.45,4.3,3.74,3.41,4.18,4.47,4.11,4.91,5.5,5.07,5.93,7.38,6.91,7.87,10.78,10.15,11.4,12.32,11.55,13.05,13.82,12.91,14.73,260.35,212.02,309.03
71,26766,Maryland,24.0,Mental and substance use disorders,5.07,4.61,5.62,6.23,5.78,6.75,3.66,3.38,3.96,4.0,3.73,4.32,5.45,5.14,5.78,5.81,5.48,6.16,6.31,5.93,6.7,7.03,6.6,7.47,38.67,22.02,53.78
72,26791,Massachusetts,25.0,Mental and substance use disorders,2.43,2.21,2.68,2.65,2.44,2.9,3.17,2.94,3.42,3.82,3.57,4.08,6.3,5.97,6.63,12.21,11.72,12.67,13.59,13.07,14.12,17.71,16.87,18.47,628.73,545.76,710.6
73,26806,Michigan,26.0,Mental and substance use disorders,4.86,4.53,5.26,5.4,5.11,5.8,4.92,4.67,5.2,5.72,5.43,6.01,8.66,8.33,9.02,11.97,11.49,12.43,14.77,14.24,15.3,15.6,14.76,16.26,220.92,188.03,247.7
74,26890,Minnesota,27.0,Mental and substance use disorders,3.19,2.94,3.54,3.44,3.19,3.79,4.15,3.87,4.45,5.08,4.77,5.43,5.9,5.61,6.23,8.07,7.69,8.43,9.33,8.88,9.77,9.89,9.35,10.38,209.74,171.29,243.27
75,26978,Mississippi,28.0,Mental and substance use disorders,3.73,3.43,4.13,3.71,3.46,4.04,4.29,4.04,4.6,4.85,4.58,5.13,6.35,6.02,6.71,9.58,9.11,10.03,11.69,11.14,12.22,12.37,11.6,13.08,231.38,194.69,271.47
76,27061,Missouri,29.0,Mental and substance use disorders,3.4,3.1,3.79,3.39,3.15,3.7,4.42,4.16,4.78,5.29,5.01,5.59,7.3,6.96,7.67,10.93,10.49,11.38,14.42,13.84,15.0,15.39,14.55,16.09,352.23,292.88,400.4
77,27177,Montana,30.0,Mental and substance use disorders,4.47,4.04,5.04,4.45,4.07,4.89,5.32,4.95,5.76,6.12,5.72,6.55,7.77,7.35,8.28,10.99,10.43,11.6,12.75,12.03,13.5,13.28,12.44,14.11,197.03,156.32,239.22
78,27234,Nebraska,31.0,Mental and substance use disorders,2.6,2.34,2.95,2.6,2.36,2.93,2.84,2.63,3.12,3.33,3.06,3.63,3.94,3.65,4.24,5.72,5.33,6.1,7.12,6.67,7.6,7.89,7.32,8.51,202.99,157.14,247.2
79,27328,Nevada,32.0,Mental and substance use disorders,7.1,6.23,8.13,7.44,6.63,8.39,9.87,8.98,10.84,8.91,8.14,9.66,12.42,11.65,13.27,17.16,16.3,18.02,20.49,19.56,21.4,17.8,16.74,18.8,150.47,117.61,191.23
80,27346,New Hampshire,33.0,Mental and substance use disorders,2.33,2.05,2.69,2.53,2.27,2.86,3.25,2.95,3.59,4.34,3.97,4.79,6.19,5.72,6.71,10.1,9.47,10.77,12.79,12.1,13.49,16.77,15.76,17.71,618.86,510.14,727.56
81,27357,New Jersey,34.0,Mental and substance use disorders,4.18,3.9,4.56,4.78,4.52,5.16,4.75,4.49,5.05,6.93,6.63,7.28,8.66,8.32,9.03,10.44,10.06,10.86,11.52,11.05,11.99,12.44,11.8,12.97,197.91,166.57,223.51
82,27379,New Mexico,35.0,Mental and substance use disorders,12.33,11.38,13.39,10.85,10.04,11.74,13.16,12.4,13.98,14.81,14.06,15.65,18.46,17.62,19.41,23.38,22.43,24.35,26.18,25.15,27.18,27.11,25.87,28.29,119.92,98.27,141.57
83,27413,New York,36.0,Mental and substance use disorders,7.38,6.97,7.9,7.5,7.19,8.03,6.48,6.21,6.83,7.96,7.65,8.29,7.74,7.44,8.06,9.05,8.72,9.35,10.06,9.64,10.46,11.3,10.71,11.8,52.97,35.74,64.28
84,27476,North Carolina,37.0,Mental and substance use disorders,7.65,7.14,8.22,6.63,6.29,7.11,6.8,6.5,7.17,6.96,6.66,7.26,8.36,8.04,8.7,11.35,10.94,11.77,12.2,11.73,12.66,12.63,11.97,13.19,65.13,49.25,79.18
85,27577,North Dakota,38.0,Mental and substance use disorders,3.21,2.83,3.64,3.2,2.86,3.58,3.6,3.29,3.94,4.15,3.84,4.47,4.99,4.63,5.43,6.67,6.2,7.16,7.81,7.2,8.4,8.08,7.41,8.77,151.71,112.49,193.53
86,27631,Ohio,39.0,Mental and substance use disorders,2.44,2.27,2.65,2.49,2.34,2.68,3.49,3.31,3.7,4.65,4.43,4.89,6.68,6.4,6.99,11.12,10.74,11.52,14.88,14.34,15.37,18.15,17.32,18.89,643.14,567.04,708.95
87,27720,Oklahoma,40.0,Mental and substance use disorders,4.43,4.05,4.92,3.68,3.42,4.01,4.51,4.22,4.82,5.96,5.63,6.34,8.42,8.01,8.91,13.38,12.78,14.01,17.77,17.02,18.49,18.67,17.66,19.57,321.28,274.98,367.59
88,27798,Oregon,41.0,Mental and substance use disorders,5.4,4.97,5.94,5.7,5.29,6.21,7.23,6.76,7.74,8.38,7.93,8.88,10.47,9.94,11.0,13.52,12.95,14.09,14.62,14.0,15.26,14.9,14.08,15.65,175.87,142.54,204.31
89,27835,Pennsylvania,42.0,Mental and substance use disorders,3.03,2.81,3.31,3.31,3.12,3.54,4.7,4.49,4.96,6.15,5.88,6.44,8.4,8.08,8.72,11.63,11.24,12.04,14.17,13.66,14.67,16.56,15.78,17.21,445.83,390.61,492.0
90,27903,Rhode Island,44.0,Mental and substance use disorders,4.76,4.05,5.59,4.38,3.75,5.2,4.81,4.24,5.56,4.72,4.17,5.3,6.34,5.69,7.04,8.84,8.11,9.63,14.92,13.91,15.99,17.64,16.47,18.88,270.88,209.58,343.76
91,27909,South Carolina,45.0,Mental and substance use disorders,7.16,6.64,7.83,6.4,6.03,6.95,6.94,6.57,7.44,7.18,6.81,7.59,8.85,8.43,9.31,11.68,11.19,12.21,14.12,13.53,14.71,13.5,12.71,14.18,88.53,66.1,106.5
92,27956,South Dakota,46.0,Mental and substance use disorders,4.22,3.77,4.78,4.04,3.67,4.47,4.38,4.02,4.8,4.81,4.47,5.19,5.64,5.25,6.06,7.57,7.09,8.13,8.63,8.03,9.27,8.69,8.02,9.39,105.99,74.69,140.18
93,28023,Tennessee,47.0,Mental and substance use disorders,4.2,3.86,4.64,4.01,3.77,4.32,4.83,4.54,5.16,5.96,5.66,6.31,7.99,7.63,8.38,12.94,12.46,13.47,16.07,15.46,16.67,17.46,16.52,18.24,315.99,271.25,359.22
94,28119,Texas,48.0,Mental and substance use disorders,3.26,3.04,3.54,3.49,3.31,3.72,4.06,3.88,4.3,4.61,4.42,4.83,6.29,6.05,6.53,8.95,8.65,9.26,10.22,9.85,10.61,10.12,9.57,10.55,210.56,175.74,236.22
95,28374,Utah,49.0,Mental and substance use disorders,3.23,2.85,3.65,3.72,3.34,4.24,4.7,4.26,5.22,5.71,5.25,6.2,7.19,6.7,7.71,10.25,9.66,10.85,13.46,12.77,14.2,15.35,14.49,16.19,375.75,314.34,443.59
96,28404,Vermont,50.0,Mental and substance use disorders,3.19,2.79,3.64,3.27,2.91,3.66,3.97,3.56,4.37,4.85,4.45,5.35,6.32,5.82,6.86,8.92,8.28,9.58,11.09,10.29,11.91,12.06,11.13,13.0,278.1,219.13,342.75
97,28419,Virginia,51.0,Mental and substance use disorders,4.91,4.57,5.29,4.37,4.13,4.77,4.55,4.33,4.83,5.02,4.8,5.28,6.22,5.96,6.51,8.01,7.72,8.34,8.92,8.55,9.28,9.67,9.13,10.12,96.84,73.32,116.25
98,28553,Washington,53.0,Mental and substance use disorders,4.57,4.21,5.05,4.75,4.45,5.13,5.48,5.15,5.86,7.27,6.94,7.67,9.25,8.81,9.71,12.27,11.81,12.75,13.42,12.9,13.97,13.79,13.02,14.43,201.68,168.16,231.92
99,28593,West Virginia,54.0,Mental and substance use disorders,2.8,2.55,3.1,3.18,2.93,3.51,4.43,4.13,4.77,6.03,5.67,6.39,9.12,8.65,9.63,14.75,14.16,15.4,21.19,20.26,22.06,24.83,23.58,25.98,785.69,688.23,885.71
100,28649,Wisconsin,55.0,Mental and substance use disorders,4.08,3.74,4.5,4.0,3.71,4.37,4.32,4.03,4.63,5.21,4.92,5.52,6.59,6.28,6.9,9.91,9.5,10.34,11.16,10.66,11.6,12.67,12.03,13.26,210.35,175.2,243.94
101,28722,Wyoming,56.0,Mental and substance use disorders,4.55,4.02,5.23,4.72,4.26,5.4,5.79,5.25,6.35,6.93,6.39,7.58,9.11,8.47,9.78,12.54,11.74,13.43,15.23,14.19,16.24,16.21,15.08,17.43,255.99,198.63,310.02
102,35135,Alabama,1.0,Nutritional deficiencies,2.06,1.86,2.27,2.1,1.95,2.27,2.17,2.02,2.33,2.45,2.27,2.64,2.59,2.4,2.79,2.13,1.98,2.29,1.93,1.77,2.08,1.99,1.8,2.19,-3.48,-16.0,11.77
103,35203,Alaska,2.0,Nutritional deficiencies,2.43,1.5,3.56,2.25,1.52,3.14,2.18,1.61,2.86,2.28,1.8,2.85,2.33,1.91,2.86,1.82,1.47,2.23,1.6,1.24,2.02,1.64,1.21,2.18,-32.43,-61.82,26.68
104,35233,Arizona,4.0,Nutritional deficiencies,2.02,1.79,2.28,1.87,1.67,2.07,1.66,1.5,1.82,1.86,1.67,2.05,1.52,1.39,1.68,1.06,0.96,1.16,0.95,0.85,1.06,0.94,0.84,1.05,-53.46,-61.03,-44.32
105,35249,Arkansas,5.0,Nutritional deficiencies,1.73,1.56,1.93,1.88,1.73,2.05,2.02,1.87,2.19,2.38,2.2,2.57,2.6,2.4,2.82,2.22,2.05,2.4,2.12,1.93,2.32,2.27,2.04,2.51,30.86,12.8,53.32
106,35325,California,6.0,Nutritional deficiencies,1.09,0.98,1.19,1.03,0.96,1.1,0.98,0.91,1.06,1.01,0.94,1.08,1.01,0.93,1.08,0.79,0.74,0.85,0.66,0.61,0.72,0.66,0.6,0.72,-39.68,-46.9,-31.3
107,35384,Colorado,8.0,Nutritional deficiencies,2.71,2.38,3.07,2.75,2.48,3.06,2.74,2.46,3.05,2.7,2.45,2.98,2.52,2.28,2.79,1.95,1.75,2.15,1.47,1.31,1.65,1.47,1.29,1.67,-45.8,-54.87,-35.27
108,35449,Connecticut,9.0,Nutritional deficiencies,1.14,1.0,1.29,1.17,1.06,1.31,1.17,1.05,1.31,1.35,1.2,1.51,1.31,1.17,1.46,1.0,0.89,1.12,0.9,0.79,1.03,0.88,0.75,1.0,-23.13,-36.72,-6.6
109,35458,Delaware,10.0,Nutritional deficiencies,2.27,1.88,2.7,2.25,1.91,2.66,2.07,1.8,2.39,2.13,1.84,2.48,2.1,1.8,2.44,1.58,1.33,1.85,1.25,1.04,1.48,1.27,1.04,1.51,-44.26,-57.51,-25.69
110,35462,District of Columbia,11.0,Nutritional deficiencies,2.2,1.77,2.69,1.96,1.62,2.35,1.87,1.55,2.27,1.86,1.53,2.23,1.48,1.21,1.82,1.06,0.84,1.32,0.69,0.54,0.87,0.56,0.42,0.73,-74.55,-81.91,-63.8
111,35464,Florida,12.0,Nutritional deficiencies,1.4,1.28,1.52,1.28,1.2,1.37,1.17,1.1,1.25,1.21,1.13,1.29,1.16,1.08,1.24,0.85,0.79,0.91,0.72,0.67,0.77,0.7,0.64,0.76,-50.05,-55.8,-43.35
112,35532,Georgia,13.0,Nutritional deficiencies,2.24,2.04,2.48,2.3,2.14,2.5,2.33,2.18,2.51,2.57,2.39,2.76,2.65,2.47,2.84,2.04,1.91,2.2,1.79,1.65,1.93,1.83,1.66,2.02,-18.28,-29.09,-5.87
113,35692,Hawaii,15.0,Nutritional deficiencies,1.67,1.28,2.15,1.7,1.33,2.14,1.49,1.2,1.84,1.54,1.25,1.87,1.5,1.22,1.82,1.11,0.91,1.35,0.94,0.75,1.2,0.9,0.67,1.15,-46.19,-65.1,-18.24
114,35698,Idaho,16.0,Nutritional deficiencies,1.93,1.7,2.18,1.98,1.79,2.17,1.92,1.76,2.1,2.06,1.89,2.25,2.11,1.92,2.31,1.64,1.49,1.81,1.41,1.27,1.57,1.42,1.25,1.62,-26.37,-38.94,-11.54
115,35743,Illinois,17.0,Nutritional deficiencies,1.82,1.65,2.02,1.72,1.59,1.86,1.8,1.66,1.95,1.94,1.78,2.11,1.77,1.64,1.91,1.4,1.3,1.5,1.2,1.1,1.31,1.19,1.07,1.31,-34.71,-43.97,-25.38
116,35846,Indiana,18.0,Nutritional deficiencies,1.87,1.69,2.05,1.94,1.79,2.1,1.97,1.83,2.12,2.16,2.01,2.33,2.17,2.01,2.33,1.76,1.63,1.91,1.53,1.42,1.65,1.58,1.43,1.74,-15.47,-26.39,-3.02
117,35939,Iowa,19.0,Nutritional deficiencies,1.92,1.73,2.13,1.86,1.7,2.02,1.76,1.63,1.92,1.82,1.68,1.97,1.71,1.57,1.85,1.26,1.16,1.37,1.02,0.93,1.12,1.0,0.89,1.12,-48.06,-56.26,-38.74
118,36039,Kansas,20.0,Nutritional deficiencies,2.38,2.13,2.64,2.46,2.25,2.67,2.41,2.22,2.6,2.63,2.43,2.84,2.63,2.43,2.85,2.0,1.85,2.16,1.68,1.53,1.84,1.63,1.47,1.84,-31.42,-41.88,-19.18
119,36145,Kentucky,21.0,Nutritional deficiencies,2.0,1.79,2.23,2.01,1.83,2.19,1.97,1.82,2.14,2.21,2.02,2.38,2.32,2.13,2.51,1.79,1.64,1.94,1.6,1.46,1.75,1.57,1.41,1.73,-21.67,-32.46,-9.58
120,36266,Louisiana,22.0,Nutritional deficiencies,2.18,1.97,2.4,2.31,2.13,2.48,2.41,2.23,2.61,2.77,2.58,2.98,3.01,2.8,3.23,2.46,2.29,2.65,2.21,2.04,2.39,2.39,2.17,2.64,9.44,-4.33,25.71
121,36331,Maine,23.0,Nutritional deficiencies,2.18,1.89,2.51,2.21,1.96,2.48,2.02,1.83,2.23,2.22,1.99,2.46,2.15,1.93,2.4,1.55,1.36,1.73,1.26,1.1,1.44,1.26,1.08,1.46,-42.21,-53.44,-28.38
122,36348,Maryland,24.0,Nutritional deficiencies,1.87,1.67,2.11,1.74,1.57,1.91,1.53,1.39,1.69,1.64,1.48,1.81,1.49,1.35,1.65,1.0,0.9,1.11,0.81,0.73,0.9,0.72,0.63,0.81,-61.69,-67.65,-54.33
123,36373,Massachusetts,25.0,Nutritional deficiencies,1.46,1.3,1.65,1.51,1.37,1.66,1.33,1.21,1.46,1.45,1.32,1.59,1.29,1.18,1.4,0.94,0.85,1.03,0.81,0.73,0.89,0.76,0.67,0.85,-48.39,-57.15,-38.77
124,36388,Michigan,26.0,Nutritional deficiencies,1.87,1.7,2.05,1.92,1.78,2.05,1.92,1.79,2.07,2.11,1.96,2.27,2.24,2.09,2.4,1.74,1.62,1.87,1.59,1.47,1.72,1.54,1.4,1.69,-17.46,-27.64,-5.1
125,36472,Minnesota,27.0,Nutritional deficiencies,1.91,1.71,2.11,1.88,1.73,2.05,1.72,1.58,1.86,1.75,1.61,1.9,1.57,1.45,1.7,1.12,1.03,1.22,0.91,0.82,1.0,0.86,0.77,0.96,-54.75,-61.82,-47.0
126,36560,Mississippi,28.0,Nutritional deficiencies,2.0,1.81,2.23,2.05,1.89,2.23,2.06,1.9,2.23,2.25,2.09,2.43,2.36,2.19,2.54,1.88,1.74,2.04,1.65,1.5,1.81,1.67,1.51,1.87,-16.64,-27.96,-2.16
127,36643,Missouri,29.0,Nutritional deficiencies,2.52,2.29,2.76,2.5,2.31,2.71,2.38,2.21,2.56,2.56,2.39,2.75,2.54,2.36,2.74,1.78,1.66,1.92,1.5,1.39,1.63,1.48,1.34,1.63,-41.41,-49.34,-32.76
128,36759,Montana,30.0,Nutritional deficiencies,2.12,1.84,2.45,2.12,1.9,2.37,2.08,1.88,2.27,2.25,2.06,2.46,2.28,2.09,2.5,1.74,1.56,1.92,1.46,1.3,1.63,1.45,1.26,1.66,-31.39,-44.78,-16.3
129,36816,Nebraska,31.0,Nutritional deficiencies,1.76,1.56,1.99,1.8,1.63,1.98,1.75,1.6,1.91,1.9,1.74,2.07,1.91,1.74,2.1,1.49,1.35,1.63,1.28,1.14,1.44,1.26,1.1,1.44,-28.47,-41.56,-14.98
130,36910,Nevada,32.0,Nutritional deficiencies,2.62,2.25,3.03,2.48,2.15,2.85,2.31,2.02,2.63,2.03,1.77,2.29,1.93,1.68,2.17,1.38,1.21,1.57,1.06,0.92,1.21,1.11,0.95,1.3,-57.63,-65.99,-47.31
131,36928,New Hampshire,33.0,Nutritional deficiencies,2.11,1.8,2.45,2.03,1.78,2.29,1.93,1.71,2.18,2.14,1.9,2.41,1.98,1.74,2.24,1.42,1.24,1.6,1.15,1.0,1.33,1.17,1.0,1.38,-44.48,-55.59,-29.54
132,36939,New Jersey,34.0,Nutritional deficiencies,1.71,1.54,1.88,1.7,1.56,1.84,1.66,1.55,1.79,1.75,1.62,1.88,1.6,1.48,1.74,1.19,1.1,1.29,1.0,0.91,1.09,0.97,0.88,1.08,-43.08,-50.8,-34.07
133,36961,New Mexico,35.0,Nutritional deficiencies,3.06,2.71,3.47,2.91,2.62,3.22,2.57,2.35,2.84,2.51,2.28,2.75,2.29,2.1,2.5,1.57,1.43,1.73,1.26,1.13,1.4,1.18,1.04,1.34,-61.41,-68.53,-53.33
134,36995,New York,36.0,Nutritional deficiencies,0.86,0.78,0.94,0.84,0.78,0.91,0.81,0.76,0.88,0.91,0.85,0.98,0.89,0.83,0.96,0.68,0.63,0.73,0.59,0.55,0.64,0.58,0.53,0.64,-32.11,-40.66,-22.66
135,37058,North Carolina,37.0,Nutritional deficiencies,1.7,1.53,1.86,1.78,1.65,1.91,1.85,1.73,1.99,2.1,1.97,2.27,2.23,2.08,2.38,1.83,1.71,1.95,1.66,1.54,1.78,1.75,1.6,1.91,3.11,-9.8,18.01
136,37159,North Dakota,38.0,Nutritional deficiencies,1.9,1.65,2.17,1.92,1.71,2.13,1.85,1.68,2.03,1.99,1.8,2.19,1.93,1.74,2.13,1.46,1.31,1.63,1.19,1.04,1.36,1.13,0.97,1.33,-40.28,-51.26,-25.17
137,37213,Ohio,39.0,Nutritional deficiencies,2.15,1.97,2.37,2.21,2.06,2.37,2.14,2.0,2.3,2.34,2.18,2.5,2.36,2.21,2.52,1.79,1.67,1.9,1.55,1.44,1.67,1.53,1.39,1.68,-29.09,-37.75,-19.84
138,37302,Oklahoma,40.0,Nutritional deficiencies,1.82,1.64,2.03,1.91,1.76,2.08,1.97,1.81,2.12,2.25,2.06,2.44,2.39,2.19,2.58,1.89,1.74,2.06,1.64,1.51,1.79,1.7,1.53,1.89,-6.6,-20.47,8.74
139,37380,Oregon,41.0,Nutritional deficiencies,1.54,1.37,1.74,1.53,1.39,1.68,1.54,1.41,1.69,1.59,1.46,1.74,1.58,1.45,1.71,1.24,1.14,1.35,1.09,0.99,1.21,1.12,1.0,1.24,-27.72,-38.69,-14.49
140,37417,Pennsylvania,42.0,Nutritional deficiencies,1.89,1.72,2.06,1.77,1.65,1.9,1.69,1.58,1.82,1.71,1.58,1.84,1.62,1.51,1.74,1.2,1.12,1.3,0.98,0.91,1.06,0.97,0.88,1.07,-48.5,-54.72,-41.43
141,37485,Rhode Island,44.0,Nutritional deficiencies,1.44,1.21,1.7,1.45,1.23,1.69,1.27,1.09,1.49,1.34,1.14,1.61,1.22,1.04,1.43,0.85,0.71,1.02,0.71,0.57,0.86,0.68,0.55,0.83,-52.83,-63.51,-38.66
142,37491,South Carolina,45.0,Nutritional deficiencies,2.14,1.92,2.36,2.21,2.04,2.4,2.26,2.1,2.44,2.54,2.36,2.74,2.72,2.51,2.92,2.18,2.02,2.36,1.96,1.8,2.13,2.03,1.84,2.25,-4.88,-17.85,9.71
143,37538,South Dakota,46.0,Nutritional deficiencies,1.89,1.64,2.15,1.85,1.66,2.07,1.76,1.59,1.95,1.85,1.67,2.05,1.77,1.6,1.95,1.31,1.18,1.46,1.08,0.94,1.24,1.04,0.88,1.22,-45.08,-55.86,-32.44
144,37605,Tennessee,47.0,Nutritional deficiencies,1.8,1.62,1.99,1.87,1.73,2.02,1.94,1.81,2.09,2.25,2.1,2.43,2.54,2.36,2.73,2.07,1.94,2.23,1.83,1.69,1.97,1.87,1.7,2.06,3.88,-9.8,19.93
145,37701,Texas,48.0,Nutritional deficiencies,1.84,1.69,2.01,1.95,1.83,2.09,2.05,1.92,2.2,2.3,2.15,2.45,2.47,2.31,2.63,2.05,1.92,2.19,1.9,1.77,2.03,1.93,1.78,2.1,4.42,-7.22,17.08
146,37956,Utah,49.0,Nutritional deficiencies,2.3,2.02,2.63,2.42,2.14,2.72,2.33,2.09,2.6,2.58,2.32,2.86,2.57,2.32,2.82,2.01,1.8,2.22,1.84,1.64,2.07,1.93,1.68,2.2,-16.13,-30.49,2.71
147,37986,Vermont,50.0,Nutritional deficiencies,1.8,1.5,2.1,1.85,1.59,2.14,1.86,1.63,2.13,2.06,1.8,2.35,2.1,1.82,2.4,1.65,1.43,1.91,1.46,1.24,1.71,1.54,1.27,1.82,-14.4,-31.55,8.57
148,38001,Virginia,51.0,Nutritional deficiencies,2.03,1.84,2.24,2.05,1.9,2.21,2.01,1.88,2.17,2.24,2.08,2.42,2.22,2.07,2.39,1.64,1.53,1.76,1.43,1.31,1.55,1.4,1.27,1.54,-31.29,-40.21,-21.53
149,38135,Washington,53.0,Nutritional deficiencies,1.88,1.67,2.13,1.89,1.72,2.09,1.75,1.59,1.92,1.82,1.67,1.98,1.68,1.54,1.84,1.24,1.14,1.36,1.01,0.92,1.11,1.04,0.93,1.17,-44.39,-53.02,-33.83
150,38175,West Virginia,54.0,Nutritional deficiencies,2.1,1.87,2.37,2.15,1.96,2.36,2.14,1.95,2.32,2.27,2.08,2.46,2.32,2.12,2.52,1.76,1.61,1.93,1.47,1.33,1.62,1.47,1.31,1.66,-29.99,-41.09,-16.28
151,38231,Wisconsin,55.0,Nutritional deficiencies,1.96,1.78,2.15,1.92,1.77,2.07,1.8,1.66,1.94,1.99,1.84,2.14,1.79,1.66,1.92,1.39,1.28,1.5,1.15,1.05,1.25,1.12,1.01,1.24,-42.86,-51.13,-33.6
152,38304,Wyoming,56.0,Nutritional deficiencies,2.27,1.96,2.6,2.34,2.07,2.63,2.33,2.08,2.59,2.56,2.28,2.88,2.57,2.27,2.88,1.96,1.72,2.23,1.64,1.42,1.88,1.62,1.38,1.87,-28.5,-41.47,-12.67
153,54299,Alabama,1.0,Self-harm and interpersonal violence,30.16,29.21,31.08,28.2,27.59,28.85,28.77,28.18,29.39,28.32,27.65,28.98,25.34,24.77,25.93,26.49,25.93,27.1,26.09,25.48,26.71,26.53,25.71,27.3,-12.03,-15.95,-8.08
154,54367,Alaska,2.0,Self-harm and interpersonal violence,24.67,23.31,25.95,25.03,23.99,26.05,26.44,25.5,27.43,28.49,27.49,29.5,26.7,25.79,27.67,28.59,27.52,29.6,29.85,28.78,31.03,31.54,30.3,32.89,27.86,19.73,37.02
155,54397,Arizona,4.0,Self-harm and interpersonal violence,30.24,29.2,31.3,28.48,27.8,29.2,29.36,28.73,30.09,30.19,29.51,30.9,26.15,25.58,26.77,28.37,27.8,28.96,26.32,25.7,26.95,25.93,25.17,26.7,-14.25,-18.0,-10.08
156,54413,Arkansas,5.0,Self-harm and interpersonal violence,27.56,26.66,28.46,26.74,26.16,27.36,27.25,26.68,27.88,27.36,26.73,28.01,24.47,23.92,25.06,25.86,25.3,26.42,26.22,25.6,26.89,27.51,26.69,28.33,-0.19,-4.93,4.43
157,54489,California,6.0,Self-harm and interpersonal violence,29.72,28.89,30.52,26.53,26.06,27.05,25.07,24.67,25.53,23.54,23.11,23.97,18.25,17.91,18.6,18.36,18.01,18.69,16.73,16.4,17.07,16.12,15.69,16.56,-45.75,-47.91,-43.46
158,54548,Colorado,8.0,Self-harm and interpersonal violence,26.56,25.61,27.43,26.78,26.17,27.43,24.67,24.13,25.26,25.21,24.6,25.78,21.49,20.98,22.03,23.65,23.05,24.21,22.59,22.05,23.13,23.64,22.98,24.32,-11.02,-15.1,-6.82
159,54613,Connecticut,9.0,Self-harm and interpersonal violence,17.26,16.58,17.91,15.8,15.36,16.25,15.87,15.43,16.29,15.31,14.92,15.72,13.96,13.6,14.35,13.9,13.49,14.28,14.24,13.86,14.67,13.95,13.47,14.44,-19.16,-23.25,-14.71
160,54622,Delaware,10.0,Self-harm and interpersonal violence,21.28,20.22,22.33,18.93,18.13,19.74,19.28,18.61,19.98,18.32,17.65,19.01,17.19,16.46,17.9,19.16,18.46,19.82,19.69,18.99,20.46,20.22,19.4,21.1,-4.98,-11.13,1.71
161,54626,District of Columbia,11.0,Self-harm and interpersonal violence,52.38,50.57,54.3,47.14,45.59,48.74,58.41,56.85,60.17,50.18,48.61,51.84,39.39,38.08,40.71,40.85,39.45,42.29,30.86,29.71,32.07,27.72,26.59,28.83,-47.08,-49.91,-44.17
162,54628,Florida,12.0,Self-harm and interpersonal violence,33.11,32.18,34.03,29.99,29.46,30.58,27.51,27.03,28.04,24.35,23.88,24.83,21.66,21.21,22.11,21.68,21.22,22.12,21.97,21.49,22.42,21.63,21.0,22.24,-34.68,-37.53,-31.88
163,54696,Georgia,13.0,Self-harm and interpersonal violence,31.48,30.54,32.46,28.41,27.83,29.02,26.97,26.43,27.54,23.96,23.49,24.47,21.26,20.83,21.72,21.14,20.72,21.55,20.79,20.34,21.26,20.73,20.12,21.31,-34.15,-37.08,-31.3
164,54856,Hawaii,15.0,Self-harm and interpersonal violence,19.81,18.78,20.85,17.56,16.74,18.47,17.59,16.78,18.42,18.19,17.46,18.96,16.6,15.87,17.34,16.12,15.48,16.74,17.52,16.82,18.25,17.64,16.85,18.5,-10.98,-16.95,-4.7
165,54862,Idaho,16.0,Self-harm and interpersonal violence,22.0,21.18,22.81,22.11,21.51,22.72,22.77,22.16,23.37,22.21,21.62,22.83,19.93,19.4,20.45,21.34,20.76,21.89,21.86,21.26,22.46,22.82,22.12,23.61,3.73,-1.56,9.28
166,54907,Illinois,17.0,Self-harm and interpersonal violence,25.14,24.41,25.8,22.64,22.21,23.08,22.99,22.56,23.44,21.76,21.32,22.2,18.31,17.95,18.69,17.79,17.36,18.23,16.9,16.5,17.27,17.19,16.73,17.68,-31.61,-34.25,-28.67
167,55010,Indiana,18.0,Self-harm and interpersonal violence,21.34,20.65,21.96,20.54,20.09,20.99,21.22,20.83,21.65,21.38,20.91,21.84,19.85,19.44,20.27,20.61,20.2,21.04,20.85,20.4,21.33,22.12,21.46,22.75,3.68,-1.02,8.53
168,55103,Iowa,19.0,Self-harm and interpersonal violence,15.78,15.23,16.32,15.4,15.01,15.79,15.64,15.29,16.01,15.39,15.03,15.77,13.89,13.56,14.23,14.52,14.2,14.84,14.97,14.59,15.36,15.76,15.26,16.25,-0.14,-4.97,4.79
169,55203,Kansas,20.0,Self-harm and interpersonal violence,20.23,19.5,20.93,19.5,19.02,20.0,19.73,19.27,20.2,20.05,19.55,20.5,18.43,17.98,18.9,19.17,18.75,19.59,19.78,19.28,20.29,20.72,20.08,21.39,2.42,-2.42,7.6
170,55309,Kentucky,21.0,Self-harm and interpersonal violence,23.26,22.47,23.99,22.37,21.86,22.9,22.66,22.18,23.14,21.96,21.45,22.47,20.27,19.8,20.76,21.1,20.62,21.56,21.54,21.02,22.07,22.38,21.66,23.07,-3.77,-8.45,0.86
171,55430,Louisiana,22.0,Self-harm and interpersonal violence,32.33,31.41,33.27,30.45,29.8,31.07,32.15,31.52,32.81,31.03,30.42,31.69,27.19,26.63,27.78,26.41,23.99,28.18,27.02,26.41,27.65,27.38,26.57,28.18,-15.32,-18.8,-11.62
172,55495,Maine,23.0,Self-harm and interpersonal violence,17.76,17.08,18.46,17.31,16.8,17.82,17.22,16.75,17.67,16.95,16.48,17.46,15.38,14.91,15.83,16.41,15.94,16.82,16.59,16.07,17.07,17.53,16.91,18.19,-1.3,-6.57,4.31
173,55512,Maryland,24.0,Self-harm and interpersonal violence,26.47,25.65,27.27,25.3,24.76,25.83,26.87,26.31,27.45,28.92,28.37,29.5,26.06,25.52,26.59,26.68,26.13,27.16,24.48,23.96,24.97,26.0,25.35,26.69,-1.76,-5.75,2.38
174,55537,Massachusetts,25.0,Self-harm and interpersonal violence,16.79,16.25,17.32,16.35,15.95,16.78,16.16,15.82,16.56,15.9,15.54,16.3,13.86,13.57,14.18,13.67,13.35,13.99,13.87,13.54,14.21,13.54,13.12,13.94,-19.38,-23.23,-15.54
175,55552,Michigan,26.0,Self-harm and interpersonal violence,24.49,23.79,25.17,25.31,24.83,25.8,24.24,23.82,24.72,22.48,22.01,22.94,20.23,19.83,20.68,20.53,20.1,20.95,20.49,20.07,20.96,21.02,20.45,21.57,-14.17,-17.72,-10.68
176,55636,Minnesota,27.0,Self-harm and interpersonal violence,16.16,15.58,16.7,15.43,15.06,15.84,15.93,15.59,16.29,15.85,15.49,16.24,13.91,13.57,14.26,14.72,14.36,15.06,14.73,14.36,15.08,15.12,14.64,15.58,-6.45,-11.02,-1.73
177,55724,Mississippi,28.0,Self-harm and interpersonal violence,29.79,28.83,30.75,28.59,27.94,29.25,28.68,28.07,29.31,28.52,27.84,29.22,24.92,24.35,25.51,24.85,23.69,25.81,26.18,25.56,26.86,27.19,26.35,28.04,-8.74,-12.95,-4.56
178,55807,Missouri,29.0,Self-harm and interpersonal violence,27.08,26.21,27.88,24.69,24.14,25.22,24.76,24.25,25.28,24.27,23.78,24.8,21.49,21.04,21.96,22.28,21.84,22.76,22.78,22.26,23.32,23.54,22.83,24.26,-13.09,-16.7,-9.35
179,55923,Montana,30.0,Self-harm and interpersonal violence,25.27,24.37,26.18,25.65,24.98,26.41,26.63,26.01,27.34,26.75,26.01,27.45,24.4,23.78,25.06,25.97,25.08,26.72,26.87,26.15,27.61,28.17,27.24,29.18,11.5,5.75,17.5
180,55980,Nebraska,31.0,Self-harm and interpersonal violence,17.23,16.56,17.9,17.02,16.54,17.52,17.44,17.0,17.93,17.14,16.68,17.63,15.54,15.12,16.0,16.17,15.75,16.57,16.28,15.81,16.75,17.12,16.5,17.72,-0.66,-5.99,4.89
181,56074,Nevada,32.0,Self-harm and interpersonal violence,41.62,40.19,43.09,37.99,36.9,39.13,37.67,36.67,38.69,38.11,37.17,39.06,31.59,30.78,32.42,31.77,31.0,32.57,29.78,29.02,30.54,28.63,27.8,29.54,-31.2,-34.44,-27.72
182,56092,New Hampshire,33.0,Self-harm and interpersonal violence,16.81,16.11,17.48,16.61,16.06,17.15,16.81,16.33,17.3,16.46,15.95,16.99,14.59,14.15,15.07,15.4,14.93,15.86,15.76,15.28,16.25,16.99,16.38,17.6,1.05,-4.58,6.62
183,56103,New Jersey,34.0,Self-harm and interpersonal violence,17.2,16.62,17.74,15.87,15.49,16.27,14.91,14.57,15.25,14.13,13.81,14.46,12.91,12.63,13.2,13.31,13.02,13.59,13.16,12.85,13.46,13.32,12.92,13.72,-22.55,-26.05,-18.81
184,56125,New Mexico,35.0,Self-harm and interpersonal violence,34.28,33.06,35.45,32.62,31.87,33.49,31.94,31.21,32.75,31.98,31.16,32.75,28.44,27.74,29.14,29.17,28.47,29.87,28.82,28.14,29.59,29.96,29.07,30.85,-12.61,-16.67,-7.98
185,56159,New York,36.0,Self-harm and interpersonal violence,24.82,24.14,25.42,20.71,20.33,21.15,21.68,21.33,22.08,17.13,16.82,17.44,14.39,14.11,14.66,14.07,13.79,14.36,13.57,13.27,13.89,12.98,12.6,13.36,-47.69,-49.73,-45.48
186,56222,North Carolina,37.0,Self-harm and interpersonal violence,25.88,25.08,26.66,24.42,23.93,24.96,24.33,23.89,24.83,22.61,22.12,23.12,20.53,20.1,21.0,20.7,20.27,21.13,20.27,19.82,20.79,20.53,19.93,21.15,-20.65,-24.21,-17.14
187,56323,North Dakota,38.0,Self-harm and interpersonal violence,14.43,13.8,15.04,14.87,14.37,15.39,15.59,15.11,16.06,16.07,15.61,16.56,14.79,14.32,15.24,16.25,15.78,16.7,17.12,16.56,17.68,18.49,17.73,19.18,28.13,20.65,35.75
188,56377,Ohio,39.0,Self-harm and interpersonal violence,21.16,20.54,21.75,19.36,18.97,19.76,19.35,18.97,19.71,18.39,18.02,18.79,16.68,16.33,17.03,18.44,18.07,18.81,18.26,17.84,18.66,18.81,18.26,19.36,-11.09,-14.89,-7.18
189,56466,Oklahoma,40.0,Self-harm and interpersonal violence,25.07,24.25,25.86,25.12,24.59,25.71,24.87,24.31,25.46,26.57,26.0,27.12,23.09,22.58,23.64,24.46,23.9,25.05,25.16,24.57,25.77,26.26,25.49,27.03,4.76,0.12,9.63
190,56544,Oregon,41.0,Self-harm and interpersonal violence,23.07,22.25,23.83,22.85,22.31,23.42,22.43,21.93,22.96,22.39,21.87,22.94,20.32,19.86,20.79,21.04,20.5,21.54,21.55,21.02,22.06,22.48,21.82,23.19,-2.53,-7.06,2.2
191,56581,Pennsylvania,42.0,Self-harm and interpersonal violence,21.77,21.15,22.37,20.34,19.94,20.78,20.67,20.28,21.08,20.35,19.93,20.74,18.34,17.97,18.72,19.5,19.09,19.9,19.06,18.65,19.46,19.52,18.97,20.07,-10.38,-14.21,-6.6
192,56649,Rhode Island,44.0,Self-harm and interpersonal violence,18.26,17.48,19.08,16.83,16.23,17.49,17.56,16.92,18.2,16.69,16.13,17.25,15.66,15.13,16.26,16.31,15.76,16.84,16.0,15.41,16.57,16.04,15.36,16.71,-12.15,-17.55,-6.37
193,56655,South Carolina,45.0,Self-harm and interpersonal violence,26.21,25.35,27.02,24.85,24.28,25.45,24.95,24.43,25.53,23.54,23.02,24.1,21.68,21.19,22.19,22.66,22.15,23.17,22.47,21.94,23.03,23.25,22.53,24.0,-11.3,-15.35,-7.09
194,56702,South Dakota,46.0,Self-harm and interpersonal violence,18.97,18.16,19.73,18.71,18.15,19.28,19.33,18.83,19.86,19.27,18.74,19.83,17.55,17.05,18.05,18.81,18.3,19.31,19.56,18.98,20.18,20.21,19.43,20.91,6.54,0.41,13.01
195,56769,Tennessee,47.0,Self-harm and interpersonal violence,26.85,25.97,27.67,25.6,25.03,26.17,26.63,26.08,27.2,25.62,25.04,26.18,23.39,22.9,23.91,24.78,24.23,25.32,24.03,23.52,24.61,24.69,23.96,25.43,-8.02,-12.09,-3.79
196,56865,Texas,48.0,Self-harm and interpersonal violence,31.57,30.68,32.43,29.41,28.88,29.98,27.4,26.92,27.93,23.24,22.77,23.7,19.54,19.14,19.94,19.98,19.62,20.35,18.92,18.51,19.32,18.39,17.83,18.92,-41.75,-44.27,-39.01
197,57120,Utah,49.0,Self-harm and interpersonal violence,23.59,22.73,24.41,23.79,23.08,24.51,25.0,24.36,25.7,25.0,24.31,25.69,24.21,23.63,24.79,26.69,26.05,27.31,26.43,25.78,27.11,27.4,26.59,28.22,16.19,10.54,22.03
198,57150,Vermont,50.0,Self-harm and interpersonal violence,19.41,18.58,20.2,18.8,18.17,19.43,18.87,18.28,19.46,18.51,17.97,19.12,16.72,16.19,17.24,17.32,16.79,17.79,17.78,17.16,18.41,18.62,17.87,19.38,-4.06,-9.42,1.75
199,57165,Virginia,51.0,Self-harm and interpersonal violence,24.92,24.19,25.63,23.29,22.79,23.77,22.52,22.1,22.99,21.19,20.76,21.62,18.7,18.31,19.11,18.79,18.42,19.14,18.03,17.62,18.44,18.18,17.64,18.71,-27.05,-30.29,-23.85
200,57299,Washington,53.0,Self-harm and interpersonal violence,21.74,21.05,22.41,21.79,21.29,22.33,21.48,21.02,21.94,20.57,20.12,21.02,18.43,18.02,18.87,18.76,18.35,19.17,18.51,18.09,18.97,19.38,18.8,19.96,-10.86,-14.84,-6.76
201,57339,West Virginia,54.0,Self-harm and interpersonal violence,22.5,21.73,23.27,22.0,21.47,22.54,22.91,22.39,23.43,22.94,22.39,23.51,21.31,20.78,21.84,22.72,22.21,23.24,23.64,23.03,24.24,25.06,24.27,25.9,11.37,5.47,17.02
202,57395,Wisconsin,55.0,Self-harm and interpersonal violence,17.78,17.19,18.37,17.37,17.0,17.8,18.44,18.05,18.87,17.72,17.33,18.1,16.06,15.73,16.43,16.98,16.62,17.36,16.96,16.57,17.38,17.22,16.67,17.72,-3.16,-7.93,1.57
203,57468,Wyoming,56.0,Self-harm and interpersonal violence,25.4,24.35,26.47,25.61,24.78,26.45,26.03,25.25,26.77,26.0,25.2,26.8,23.49,22.83,24.19,24.78,24.03,25.53,25.63,24.82,26.45,26.98,25.95,28.0,6.21,0.17,12.68
204,60687,Alabama,1.0,Transport injuries,33.43,32.47,34.41,30.47,29.79,31.08,30.88,30.28,31.48,29.58,28.94,30.24,29.08,28.5,29.62,29.49,28.87,30.1,25.26,24.71,25.81,24.21,23.52,24.91,-27.57,-30.44,-24.55
205,60755,Alaska,2.0,Transport injuries,48.3,46.39,50.59,39.49,38.08,41.01,34.8,33.68,35.96,31.26,30.12,32.47,26.22,25.3,27.23,22.63,21.79,23.48,18.03,17.31,18.79,15.87,15.09,16.74,-67.13,-69.14,-65.0
206,60785,Arizona,4.0,Transport injuries,35.71,34.67,36.73,29.88,29.2,30.59,26.81,26.24,27.39,24.46,23.85,25.1,22.76,22.23,23.28,22.32,21.8,22.86,16.57,16.09,17.02,15.75,15.2,16.33,-55.9,-57.92,-53.74
207,60801,Arkansas,5.0,Transport injuries,31.38,30.45,32.31,29.14,28.45,29.74,29.18,28.65,29.75,28.51,27.88,29.12,28.29,27.68,28.9,28.02,27.37,28.63,24.51,23.99,25.1,23.75,23.08,24.5,-24.31,-27.29,-21.04
208,60877,California,6.0,Transport injuries,25.47,24.81,26.2,21.69,21.25,22.13,19.67,19.31,20.06,16.81,16.42,17.19,14.93,14.6,15.24,14.51,14.19,14.83,10.85,10.6,11.1,10.64,10.32,10.96,-58.23,-59.91,-56.48
209,60936,Colorado,8.0,Transport injuries,27.34,26.54,28.21,22.94,22.36,23.51,20.85,20.38,21.3,20.01,19.48,20.52,19.53,19.06,20.01,17.1,16.65,17.54,13.39,13.03,13.77,12.8,12.34,13.27,-53.2,-55.31,-51.1
210,61001,Connecticut,9.0,Transport injuries,20.49,19.87,21.17,17.36,16.88,17.81,15.45,15.08,15.85,13.57,13.19,13.97,12.84,12.47,13.21,11.73,11.37,12.08,9.8,9.5,10.12,8.9,8.57,9.29,-56.55,-58.72,-54.4
211,61010,Delaware,10.0,Transport injuries,25.86,24.86,26.92,22.59,21.77,23.41,21.31,20.64,22.05,19.13,18.44,19.83,19.02,18.33,19.68,17.5,16.88,18.07,14.64,14.07,15.19,13.84,13.16,14.48,-46.51,-49.73,-43.44
212,61014,District of Columbia,11.0,Transport injuries,16.08,15.17,17.17,14.97,14.21,15.74,13.43,12.67,14.16,12.72,12.01,13.48,12.55,11.88,13.29,11.94,11.3,12.63,9.76,9.14,10.44,8.79,8.16,9.45,-45.33,-50.27,-39.87
213,61016,Florida,12.0,Transport injuries,31.96,31.12,32.89,27.31,26.77,27.84,24.01,23.56,24.45,21.98,21.5,22.47,21.63,21.18,22.06,21.34,20.9,21.8,16.83,16.47,17.21,15.73,15.25,16.19,-50.79,-52.73,-48.76
214,61084,Georgia,13.0,Transport injuries,31.22,30.36,32.14,27.65,27.04,28.23,25.86,25.36,26.34,23.78,23.25,24.33,23.2,22.73,23.66,22.26,21.8,22.68,18.1,17.71,18.52,17.08,16.58,17.59,-45.3,-47.48,-43.07
215,61244,Hawaii,15.0,Transport injuries,19.6,18.68,20.55,16.45,15.69,17.22,15.87,15.17,16.58,14.75,14.05,15.46,13.49,12.87,14.08,12.97,12.4,13.51,10.42,9.94,10.97,9.49,8.94,10.04,-51.58,-55.28,-47.83
216,61250,Idaho,16.0,Transport injuries,34.67,33.75,35.73,30.04,29.34,30.77,28.53,27.94,29.15,26.13,25.53,26.79,23.83,23.29,24.42,22.17,21.6,22.7,18.06,17.6,18.55,16.85,16.27,17.44,-51.4,-53.48,-49.35
217,61295,Illinois,17.0,Transport injuries,20.81,20.21,21.46,18.07,17.65,18.48,17.38,17.01,17.74,16.16,15.78,16.55,15.3,14.97,15.65,14.08,13.73,14.45,10.93,10.65,11.21,10.36,10.02,10.7,-50.2,-52.37,-48.08
218,61398,Indiana,18.0,Transport injuries,24.42,23.81,25.12,21.67,21.23,22.12,20.88,20.51,21.25,19.58,19.16,20.02,18.78,18.37,19.16,17.97,17.59,18.37,14.8,14.45,15.13,14.16,13.69,14.61,-42.02,-44.42,-39.63
219,61491,Iowa,19.0,Transport injuries,23.24,22.62,23.88,20.48,20.06,20.92,19.63,19.25,20.0,18.74,18.32,19.16,17.81,17.43,18.19,17.24,16.87,17.62,14.47,14.12,14.83,13.8,13.37,14.25,-40.6,-42.96,-38.03
220,61591,Kansas,20.0,Transport injuries,26.31,25.59,27.1,23.53,23.01,24.06,22.6,22.17,23.08,21.31,20.84,21.81,20.68,20.23,21.13,20.1,19.63,20.57,17.55,17.13,17.98,16.54,16.05,17.05,-37.13,-39.72,-34.54
221,61697,Kentucky,21.0,Transport injuries,26.73,26.03,27.47,24.45,23.92,24.96,24.72,24.25,25.2,24.32,23.78,24.87,24.16,23.67,24.65,24.41,23.92,24.93,21.16,20.69,21.63,20.64,20.06,21.27,-22.78,-25.75,-19.56
222,61818,Louisiana,22.0,Transport injuries,30.33,29.48,31.29,26.76,26.12,27.35,26.28,25.77,26.82,25.14,24.58,25.73,25.45,24.93,25.98,24.62,23.37,25.59,22.29,21.8,22.77,22.02,21.36,22.72,-27.4,-30.26,-24.26
223,61883,Maine,23.0,Transport injuries,23.87,23.13,24.6,21.09,20.54,21.67,19.9,19.44,20.37,18.66,18.18,19.2,17.61,17.14,18.09,17.15,16.67,17.6,14.25,13.81,14.71,13.38,12.86,13.9,-43.95,-46.48,-41.27
224,61900,Maryland,24.0,Transport injuries,22.68,22.0,23.44,19.94,19.44,20.42,17.86,17.45,18.28,16.03,15.61,16.45,15.0,14.62,15.38,14.26,13.91,14.62,11.69,11.36,12.02,10.66,10.26,11.06,-53.03,-55.18,-50.58
225,61925,Massachusetts,25.0,Transport injuries,17.72,17.2,18.27,14.98,14.63,15.36,13.02,12.73,13.33,10.99,10.7,11.29,10.48,10.2,10.76,9.53,9.27,9.78,7.59,7.36,7.81,7.08,6.83,7.36,-60.05,-61.82,-58.1
226,61940,Michigan,26.0,Transport injuries,22.88,22.27,23.55,20.37,19.92,20.81,19.01,18.64,19.36,18.0,17.59,18.41,16.87,16.49,17.25,15.4,15.02,15.76,12.88,12.57,13.18,12.06,11.66,12.45,-47.28,-49.45,-44.98
227,62024,Minnesota,27.0,Transport injuries,21.67,21.07,22.28,18.94,18.52,19.36,17.36,17.02,17.71,16.22,15.83,16.61,15.29,14.96,15.63,14.57,14.22,14.89,11.87,11.56,12.17,10.98,10.62,11.33,-49.35,-51.43,-47.06
228,62112,Mississippi,28.0,Transport injuries,36.89,35.9,37.88,34.08,33.37,34.79,34.49,33.89,35.12,34.26,33.55,35.0,34.34,33.64,35.01,33.36,31.98,34.44,30.13,29.49,30.79,29.51,28.63,30.35,-20.01,-23.01,-16.85
229,62195,Missouri,29.0,Transport injuries,25.98,25.27,26.72,23.08,22.59,23.58,22.45,22.03,22.89,21.9,21.42,22.39,21.29,20.84,21.74,21.16,20.7,21.6,17.96,17.56,18.36,17.11,16.6,17.6,-34.13,-36.75,-31.47
230,62311,Montana,30.0,Transport injuries,36.41,35.41,37.55,31.99,31.23,32.78,31.19,30.51,31.86,29.35,28.64,30.04,28.26,27.6,28.9,27.36,26.51,28.07,23.27,22.64,23.84,22.29,21.6,23.05,-38.78,-41.38,-36.04
231,62368,Nebraska,31.0,Transport injuries,24.07,23.42,24.74,21.35,20.89,21.86,20.63,20.18,21.1,19.59,19.12,20.09,18.74,18.3,19.18,18.31,17.86,18.77,15.59,15.16,16.01,15.06,14.55,15.58,-37.44,-40.15,-34.7
232,62462,Nevada,32.0,Transport injuries,36.13,34.99,37.39,28.72,27.88,29.59,26.6,25.84,27.38,22.48,21.73,23.23,19.86,19.25,20.43,19.74,19.19,20.32,13.95,13.47,14.45,13.32,12.75,13.92,-63.13,-64.92,-61.16
233,62480,New Hampshire,33.0,Transport injuries,21.55,20.83,22.38,18.55,18.01,19.09,16.96,16.5,17.43,15.18,14.7,15.64,14.1,13.66,14.54,13.22,12.77,13.63,10.66,10.3,11.01,9.82,9.39,10.22,-54.42,-56.87,-51.94
234,62491,New Jersey,34.0,Transport injuries,19.51,18.94,20.11,16.76,16.38,17.14,14.81,14.51,15.13,13.15,12.83,13.47,12.35,12.03,12.66,11.35,11.09,11.62,9.04,8.8,9.28,8.27,7.99,8.59,-57.58,-59.45,-55.57
235,62513,New Mexico,35.0,Transport injuries,41.45,40.33,42.64,35.67,34.8,36.49,32.4,31.68,33.12,29.93,29.24,30.74,27.38,26.74,28.06,26.4,25.75,27.05,21.11,20.56,21.69,20.52,19.83,21.23,-50.5,-52.57,-48.24
236,62547,New York,36.0,Transport injuries,18.59,18.08,19.15,15.89,15.54,16.24,14.72,14.44,15.0,12.39,12.1,12.69,11.34,11.08,11.59,10.66,10.42,10.91,8.64,8.42,8.84,7.92,7.67,8.19,-57.37,-59.18,-55.53
237,62610,North Carolina,37.0,Transport injuries,29.55,28.77,30.41,26.25,25.72,26.78,24.73,24.29,25.18,23.29,22.78,23.78,22.83,22.35,23.29,21.74,21.3,22.2,18.01,17.61,18.39,17.12,16.62,17.6,-42.08,-44.34,-39.82
238,62711,North Dakota,38.0,Transport injuries,24.65,23.9,25.43,21.72,21.18,22.3,21.42,20.91,21.93,20.34,19.81,20.87,19.82,19.31,20.36,19.67,19.18,20.16,17.11,16.64,17.6,16.71,16.12,17.32,-32.2,-35.26,-29.05
239,62765,Ohio,39.0,Transport injuries,21.29,20.69,21.94,18.46,18.07,18.84,17.62,17.27,17.95,16.29,15.95,16.65,15.71,15.37,16.03,15.03,14.72,15.37,12.61,12.32,12.9,11.89,11.51,12.25,-44.16,-46.44,-41.88
240,62854,Oklahoma,40.0,Transport injuries,31.72,30.87,32.65,27.36,26.75,27.94,27.16,26.67,27.72,26.11,25.53,26.71,25.48,24.94,26.03,25.45,24.84,26.03,21.95,21.45,22.43,21.2,20.57,21.85,-33.17,-35.75,-30.38
241,62932,Oregon,41.0,Transport injuries,29.43,28.65,30.25,25.42,24.83,25.99,22.38,21.9,22.85,20.66,20.17,21.15,18.33,17.88,18.75,16.47,16.02,16.89,12.71,12.37,13.06,11.76,11.35,12.16,-60.05,-61.8,-58.28
242,62969,Pennsylvania,42.0,Transport injuries,20.82,20.25,21.42,18.24,17.83,18.63,17.42,17.08,17.76,16.2,15.83,16.58,15.57,15.23,15.9,15.22,14.88,15.58,12.67,12.37,12.98,11.95,11.56,12.34,-42.61,-45.02,-40.15
243,63037,Rhode Island,44.0,Transport injuries,15.78,15.12,16.43,13.44,12.93,13.95,12.48,12.06,13.0,11.12,10.67,11.57,10.75,10.32,11.18,10.47,10.06,10.84,8.85,8.44,9.3,7.86,7.47,8.31,-50.19,-53.35,-46.9
244,63043,South Carolina,45.0,Transport injuries,33.49,32.55,34.42,30.3,29.65,31.0,29.16,28.61,29.7,27.47,26.88,28.08,27.53,26.94,28.08,27.02,26.44,27.61,22.43,21.93,22.94,21.38,20.79,22.07,-36.17,-38.63,-33.58
245,63090,South Dakota,46.0,Transport injuries,30.24,29.31,31.16,26.78,26.1,27.45,26.12,25.5,26.75,24.96,24.34,25.6,24.22,23.66,24.83,23.81,23.22,24.41,20.37,19.85,20.92,19.46,18.78,20.13,-35.66,-38.38,-32.95
246,63157,Tennessee,47.0,Transport injuries,29.41,28.62,30.26,26.86,26.27,27.43,26.48,25.99,26.98,25.83,25.3,26.42,25.35,24.79,25.87,24.49,23.96,25.05,21.0,20.52,21.49,20.12,19.52,20.71,-31.59,-34.2,-28.87
247,63253,Texas,48.0,Transport injuries,29.68,28.91,30.56,25.37,24.84,25.88,23.12,22.7,23.55,21.55,21.08,22.03,21.33,20.91,21.74,20.45,20.04,20.85,17.16,16.79,17.51,16.73,16.24,17.2,-43.62,-45.78,-41.43
248,63508,Utah,49.0,Transport injuries,29.07,28.15,29.93,24.63,23.95,25.28,21.88,21.32,22.44,20.46,19.91,21.02,19.02,18.51,19.51,16.86,16.39,17.34,13.7,13.29,14.14,12.66,12.17,13.16,-56.45,-58.49,-54.2
249,63538,Vermont,50.0,Transport injuries,24.22,23.41,25.11,20.69,20.12,21.31,19.28,18.74,19.82,17.82,17.28,18.4,16.27,15.77,16.77,15.37,14.92,15.85,12.42,11.96,12.87,11.45,10.96,11.94,-52.72,-55.14,-50.03
250,63553,Virginia,51.0,Transport injuries,22.69,22.07,23.41,19.65,19.21,20.08,18.28,17.91,18.63,16.9,16.5,17.29,16.3,15.95,16.65,15.37,15.04,15.7,12.63,12.34,12.93,11.91,11.52,12.27,-47.51,-49.75,-45.31
251,63687,Washington,53.0,Transport injuries,26.44,25.71,27.15,21.85,21.36,22.34,19.9,19.47,20.33,17.09,16.68,17.49,15.47,15.1,15.83,14.28,13.95,14.63,10.98,10.7,11.29,10.09,9.7,10.46,-61.86,-63.63,-60.18
252,63727,West Virginia,54.0,Transport injuries,28.73,27.96,29.57,25.81,25.25,26.37,26.42,25.93,26.96,25.5,24.95,26.1,25.08,24.56,25.63,25.28,24.76,25.84,21.94,21.41,22.48,21.39,20.72,22.08,-25.56,-28.72,-22.33
253,63783,Wisconsin,55.0,Transport injuries,21.46,20.91,22.09,18.78,18.39,19.17,18.04,17.71,18.39,17.1,16.73,17.48,16.74,16.37,17.1,16.05,15.7,16.42,13.26,12.95,13.58,12.65,12.26,13.06,-41.04,-43.4,-38.58
254,63856,Wyoming,56.0,Transport injuries,39.84,38.57,41.11,33.55,32.6,34.48,32.66,31.88,33.5,31.06,30.24,31.87,29.09,28.41,29.87,28.21,27.39,29.04,23.93,23.26,24.63,22.64,21.84,23.44,-43.17,-45.62,-40.46
